month,hour,day_type,daylight_savings_status,indoor_dry_bulb_temperature,average_unmet_cooling_setpoint_difference,indoor_relative_humidity,non_shiftable_load,dhw_demand,cooling_demand,heating_demand,solar_generation,occupant_count,indoor_dry_bulb_temperature_cooling_set_point,indoor_dry_bulb_temperature_heating_set_point,hvac_mode
6,1,5,0,24.431562,-0.012881563,57.86412,0.4220805,0.0,0.5579055,0.0,0.0,2.0,24.444445,24.444445,1
6,2,5,0,24.444384,-6.1626044e-05,58.08622,0.41900185,0.0,0.22139712,0.0,0.0,2.0,24.444445,24.444445,1
6,3,5,0,24.444445,9.792859e-07,58.383118,0.41660294,0.0,0.11927145,0.0,0.0,2.0,24.444445,24.444445,1
6,4,5,0,24.444439,-4.807433e-06,59.098373,0.41882977,0.0,0.06040274,0.0,0.0,2.0,24.444445,24.444445,1
6,5,5,0,24.361916,-0.08252885,60.37448,0.43516034,0.0,0.0,0.0,0.0,1.0,24.444445,24.444445,1
6,6,5,0,24.287533,-0.15691105,61.497105,0.4998095,0.0,0.0,0.0,0.0,1.0,24.444445,24.444445,1
6,7,5,0,24.11459,0.003478863,62.280087,0.66373295,0.2566032,0.56920165,0.0,25.331348,1.0,24.11111,24.11111,1
6,8,5,0,23.349218,0.0158843,65.3792,0.8164316,0.0,1.0092591,0.0,91.302536,1.0,23.333334,23.333334,1
6,9,5,0,23.333536,0.00020314309,65.300064,1.0114818,0.86923575,2.3608716,0.0,221.97502,1.0,23.333334,23.333334,1
6,10,5,0,23.333342,7.381115e-06,64.99255,1.1799242,0.84999,2.7974024,0.0,401.64407,1.0,23.333334,23.333334,1
6,11,5,0,23.333338,4.5104935e-06,64.71355,1.5277264,0.20385616,2.3398511,0.0,564.91034,1.0,23.333334,23.333334,1
6,12,5,0,23.333338,4.0627333e-06,64.34293,1.3181937,0.23292647,2.4549305,0.0,668.9316,0.0,23.333334,23.333334,1
6,13,5,0,23.333338,5.1232264e-06,63.856106,1.1637992,0.0,2.8158495,0.0,683.7988,1.0,23.333334,23.333334,1
6,14,5,0,23.33334,6.582263e-06,63.26831,1.0173473,0.0,3.280534,0.0,687.1585,1.0,23.333334,23.333334,1
6,15,5,0,23.333344,9.297597e-06,62.651455,0.7742047,0.0,3.670794,0.0,645.004,0.0,23.333334,23.333334,1
6,16,5,0,23.333344,9.583797e-06,62.00972,0.87865835,0.4658442,4.2222533,0.0,553.2722,1.0,23.333334,23.333334,1
6,17,5,0,23.33334,6.803533e-06,61.295506,0.7792402,0.0,4.5052023,0.0,421.39114,1.0,23.333334,23.333334,1
6,18,5,0,24.43424,-0.010204796,57.01457,0.74361974,0.0,3.4265144,0.0,247.31622,1.0,24.444445,24.444445,1
6,19,5,0,24.444317,-0.00012748671,56.932873,0.9292341,0.0,2.9284859,0.0,67.321686,1.0,24.444445,24.444445,1
6,20,5,0,24.444448,3.4034792e-06,56.851833,0.98111206,0.0,2.283349,0.0,-0.0,2.0,24.444445,24.444445,1
6,21,5,0,24.444448,4.7482677e-06,56.89642,1.0705605,0.0,2.0548487,0.0,0.0,2.0,24.444445,24.444445,1
6,22,5,0,24.444448,4.96453e-06,57.030468,1.190019,0.69876826,1.9365237,0.0,0.0,2.0,24.444445,24.444445,1
6,23,5,0,24.44445,6.311783e-06,57.10683,0.9831019,0.8908062,2.5107696,0.0,0.0,2.0,24.444445,24.444445,1
6,24,5,0,23.957163,0.012719162,58.772697,0.526549,1.3658351,3.229727,0.0,0.0,2.0,23.944445,23.944445,1
6,1,6,0,23.889814,0.00092578714,59.168392,0.4220805,0.0,1.4359914,0.0,0.0,2.0,23.88889,23.88889,1
6,2,6,0,23.888916,2.7827238e-05,59.441933,0.41900185,0.0,0.86825234,0.0,0.0,2.0,23.88889,23.88889,1
6,3,6,0,23.888865,-2.511133e-05,60.105373,0.41660294,0.0,0.6297043,0.0,0.0,2.0,23.88889,23.88889,1
6,4,6,0,24.388514,-0.00037597364,58.73845,0.41882977,0.6951398,0.20013396,0.0,0.0,2.0,24.38889,24.38889,1
6,5,6,0,24.44427,-0.00017538862,59.788616,0.43516034,0.0,0.10092566,0.0,0.0,2.0,24.444445,24.444445,1
6,6,6,0,23.959879,0.015434236,62.644604,0.4998095,0.0,0.42810667,0.0,0.0,2.0,23.944445,23.944445,1
6,7,6,0,24.164816,-0.0018499477,62.178207,0.52956533,0.0,0.34678036,0.0,29.413557,2.0,24.166666,24.166666,1
6,8,6,0,24.444328,-0.000116462936,61.537403,0.8164316,0.0,0.48456812,0.0,135.22647,2.0,24.444445,24.444445,1
6,9,6,0,24.113586,0.002476037,62.841934,1.2068071,0.0,1.139501,0.0,298.613,2.0,24.11111,24.11111,1
6,10,6,0,23.890118,0.0012285723,63.46708,1.3666495,0.0,1.7604556,0.0,466.0647,2.0,23.88889,23.88889,1
6,11,6,0,23.888899,9.202145e-06,63.09012,1.3814315,0.0,2.1187146,0.0,583.1921,2.0,23.88889,23.88889,1
6,12,6,0,23.888903,1.293252e-05,62.27621,1.3423821,0.0,2.481538,0.0,648.8753,2.0,23.88889,23.88889,1
6,13,6,0,23.888893,4.634605e-06,61.78503,1.1637992,0.0,2.8291655,0.0,671.3684,2.0,23.88889,23.88889,1
6,14,6,0,23.888895,5.8537303e-06,61.23107,1.0173473,0.0,3.2657402,0.0,672.6154,2.0,23.88889,23.88889,1
6,15,6,0,23.888897,7.754852e-06,60.641537,0.94176084,0.4634199,3.8431668,0.0,632.5983,2.0,23.88889,23.88889,1
6,16,6,0,23.455633,0.066745184,61.509933,1.0532166,0.0,4.862257,0.0,541.6831,2.0,23.38889,23.38889,1
6,17,6,0,23.339384,0.0060502267,61.08873,0.9620526,0.46342131,5.503086,0.0,411.01535,2.0,23.333334,23.333334,1
6,18,6,0,24.433403,-0.011041709,56.760246,0.94597626,0.0,4.24092,0.0,241.4041,2.0,24.444445,24.444445,1
6,19,6,0,24.444324,-0.000120700395,56.48028,0.97793716,0.23171316,3.237449,0.0,66.47773,2.0,24.444445,24.444445,1
6,20,6,0,23.347233,0.013899026,59.9617,0.7263815,0.0,3.6700768,0.0,-0.0,2.0,23.333334,23.333334,1
6,21,6,0,23.168518,0.0018504508,60.296394,0.45074904,0.0,3.3808317,0.0,0.0,2.0,23.166666,23.166666,1
6,22,6,0,23.111883,0.0007724478,60.334515,0.4430447,0.23171313,2.945896,0.0,0.0,2.0,23.11111,23.11111,1
6,23,6,0,24.048813,-0.006742204,57.227566,0.4359811,0.23171285,1.3095069,0.0,0.0,2.0,24.055555,24.055555,1
6,24,6,0,24.443262,-0.0011822174,56.11436,0.42674518,0.0,0.71780735,0.0,0.0,2.0,24.444445,24.444445,1
6,1,7,0,24.444437,-8.243568e-06,56.29366,0.4220805,0.0,0.5962326,0.0,0.0,2.0,24.444445,24.444445,1
6,2,7,0,24.444439,-5.592129e-06,56.681442,0.41900185,0.0,0.51747376,0.0,0.0,2.0,24.444445,24.444445,1
6,3,7,0,24.444448,3.77679e-06,56.82911,0.41660294,0.0,0.44780537,0.0,0.0,2.0,24.444445,24.444445,1
6,4,7,0,24.444439,-5.5121013e-06,57.24868,0.41882977,0.0,0.3827652,0.0,0.0,2.0,24.444445,24.444445,1
6,5,7,0,24.444448,3.737716e-06,57.685223,0.43516034,0.0,0.3466985,0.0,0.0,2.0,24.444445,24.444445,1
6,6,7,0,24.444427,-1.7458458e-05,58.350666,0.4998095,0.0,0.28149456,0.0,0.0,2.0,24.444445,24.444445,1
6,7,7,0,24.444414,-2.9870493e-05,58.74289,0.52956533,0.0,0.32445532,0.0,32.998703,2.0,24.444445,24.444445,1
6,8,7,0,23.952791,0.008347268,60.607586,0.62261087,0.0,0.71418154,0.0,130.09343,2.0,23.944445,23.944445,1
6,9,7,0,23.88927,0.00038118,60.823395,1.0114818,0.4364735,1.5840693,0.0,261.739,2.0,23.88889,23.88889,1
6,10,7,0,23.888893,3.7628868e-06,60.781425,1.3666495,0.0,1.4673795,0.0,392.09894,2.0,23.88889,23.88889,1
6,11,7,0,23.888891,3.2136443e-06,60.583656,1.200786,0.7988778,2.472498,0.0,536.63324,1.0,23.88889,23.88889,1
6,12,7,0,23.888895,6.669061e-06,60.569893,1.1668177,0.0,2.0686831,0.0,620.5233,1.0,23.88889,23.88889,1
6,13,7,0,23.888899,9.206111e-06,60.549175,1.1637992,0.23051175,1.995293,0.0,640.3423,1.0,23.88889,23.88889,1
6,14,7,0,23.888897,7.568683e-06,60.59358,8.397739,0.05337015,3.1233954,0.0,605.63446,2.0,23.88889,23.88889,1
6,15,7,0,23.383844,0.05051165,62.04105,1.109317,0.121763565,3.3444948,0.0,543.27075,2.0,23.333334,23.333334,1
6,16,7,0,23.337772,0.0044395556,61.56113,1.0532166,0.36927912,3.4408154,0.0,390.21967,2.0,23.333334,23.333334,1
6,17,7,0,23.607277,-0.0038339547,60.44943,0.9620526,0.8132383,3.0157857,0.0,266.47968,2.0,23.61111,23.61111,1
6,18,7,0,23.886387,-0.0025027299,59.760864,0.94597626,0.08549933,2.5796351,0.0,149.0907,2.0,23.88889,23.88889,1
6,19,7,0,23.339859,0.00652647,61.622322,0.97793716,0.99712676,2.7149167,0.0,47.793148,2.0,23.333334,23.333334,1
6,20,7,0,23.33338,4.6738234e-05,61.54098,0.98111206,0.30824593,2.3476198,0.0,-0.0,2.0,23.333334,23.333334,1
6,21,7,0,23.33334,5.843571e-06,61.46952,1.0705605,0.0842448,2.0247376,0.0,0.0,2.0,23.333334,23.333334,1
6,22,7,0,23.33334,6.268919e-06,61.43336,1.190019,0.0,1.813909,0.0,0.0,2.0,23.333334,23.333334,1
6,23,7,0,23.55316,-0.0023964301,60.72291,0.4359811,0.0,1.1025751,0.0,0.0,2.0,23.555555,23.555555,1
6,24,7,0,24.344215,-0.10022921,58.13232,0.42674518,0.0,0.20556521,0.0,0.0,2.0,24.444445,24.444445,1
6,1,1,0,24.44392,-0.0005235898,57.935776,0.4220805,0.0,0.21850544,0.0,0.0,2.0,24.444445,24.444445,1
6,2,1,0,24.444443,-1.5535694e-06,58.053665,0.41900185,0.0,0.25824302,0.0,0.0,2.0,24.444445,24.444445,1
6,3,1,0,24.444447,2.629485e-06,58.14955,0.41660294,0.0,0.23871866,0.0,0.0,2.0,24.444445,24.444445,1
6,4,1,0,24.44444,-3.4938398e-06,58.35143,0.41882977,0.0,0.2169966,0.0,0.0,2.0,24.444445,24.444445,1
6,5,1,0,24.44443,-1.5779895e-05,58.947258,0.43516034,0.0,0.14682159,0.0,0.0,2.0,24.444445,24.444445,1
6,6,1,0,24.444431,-1.2668151e-05,59.621464,0.5277521,0.0,0.13916765,0.0,0.0,2.0,24.444445,24.444445,1
6,7,1,0,24.444458,1.2643824e-05,60.021347,0.7979006,1.0525266,1.3932443,0.0,20.290482,2.0,24.444445,24.444445,1
6,8,1,0,24.444448,4.22071e-06,60.164314,0.8164316,0.0,0.43944508,0.0,78.04262,1.0,24.444445,24.444445,1
6,9,1,0,24.44445,5.906311e-06,60.25032,1.0114818,0.9210594,1.4263475,0.0,128.00912,1.0,24.444445,24.444445,1
6,10,1,0,24.444448,3.3846832e-06,60.42241,1.1799242,0.0,0.71297085,0.0,269.3961,1.0,24.444445,24.444445,1
6,11,1,0,24.444447,2.2621502e-06,60.584007,1.200786,0.4586611,0.74112856,0.0,321.02536,1.0,24.444445,24.444445,1
6,12,1,0,24.444447,2.551933e-06,60.718266,0.9912532,0.0,0.65915877,0.0,312.35638,0.0,24.444445,24.444445,1
6,13,1,0,24.444448,3.5042112e-06,60.840897,0.99097216,0.6879795,0.789608,0.0,390.58932,0.0,24.444445,24.444445,1
6,14,1,0,24.444448,4.443971e-06,60.918625,0.8463095,0.0,0.8365785,0.0,380.95245,0.0,24.444445,24.444445,1
6,15,1,0,24.44445,6.346266e-06,60.953083,0.7742047,0.0,0.98450345,0.0,406.66534,0.0,24.444445,24.444445,1
6,16,1,0,24.444454,1.00679745e-05,60.915684,0.87865835,0.0,1.275405,0.0,432.03918,1.0,24.444445,24.444445,1
6,17,1,0,24.444464,1.8889474e-05,60.873722,0.7792402,0.0,1.4835427,0.0,346.70044,1.0,24.444445,24.444445,1
6,18,1,0,24.444452,8.454347e-06,61.04541,0.74361974,0.0,1.7179166,0.0,204.86647,1.0,24.444445,24.444445,1
6,19,1,0,24.44445,5.2295572e-06,60.959198,0.97793716,0.0,1.6052917,0.0,62.575546,2.0,24.444445,24.444445,1
6,20,1,0,24.444448,3.6466722e-06,60.905457,0.7263815,0.0,1.3214113,0.0,-0.0,2.0,24.444445,24.444445,1
6,21,1,0,23.784485,0.0067062015,63.06195,0.76065475,0.0,1.758104,0.0,0.0,2.0,23.777779,23.777779,1
6,22,1,0,23.339256,0.0059225215,64.44773,0.81653184,0.0,2.056305,0.0,0.0,2.0,23.333334,23.333334,1
6,23,1,0,23.38833,-0.00055771234,64.07253,0.7095415,0.22933038,1.6134237,0.0,0.0,2.0,23.38889,23.38889,1
6,24,1,0,23.719954,-0.002268604,62.799267,0.526549,0.0,0.8631978,0.0,0.0,2.0,23.722221,23.722221,1
6,1,2,0,23.886843,-0.0020461383,62.21289,0.45272377,0.0,0.52220196,0.0,0.0,2.0,23.88889,23.88889,1
6,2,2,0,23.888863,-2.6856305e-05,62.294006,0.41699478,0.0,0.4171876,0.0,0.0,2.0,23.88889,23.88889,1
6,3,2,0,23.888893,3.5249748e-06,62.373894,0.41660294,0.0,0.34245458,0.0,0.0,2.0,23.88889,23.88889,1
6,4,2,0,23.888882,-6.261698e-06,62.626106,0.41882977,0.0,0.27920955,0.0,0.0,2.0,23.88889,23.88889,1
6,5,2,0,23.888874,-1.4915468e-05,63.176937,0.43516034,0.0,0.16134876,0.0,0.0,2.0,23.88889,23.88889,1
6,6,2,0,24.182451,-0.26199353,62.651924,0.5277521,0.0,0.0,0.0,0.0,2.0,24.444445,24.444445,1
6,7,2,0,24.393583,-0.050861936,62.09385,0.52956533,0.0,0.014458623,0.0,31.346209,1.0,24.444445,24.444445,1
6,8,2,0,24.444386,-5.8947608e-05,62.15078,0.62261087,0.0,0.31177604,0.0,130.84775,1.0,24.444445,24.444445,1
6,9,2,0,24.444447,1.6057979e-06,62.289196,0.8161562,0.0,0.5041699,0.0,318.77527,0.0,24.444445,24.444445,1
6,10,2,0,24.444447,1.938286e-06,62.31157,0.993199,0.0,0.7484861,0.0,471.9882,0.0,24.444445,24.444445,1
6,11,2,0,24.444447,2.8266752e-06,62.258095,1.0201404,0.0,1.0105535,0.0,589.4743,0.0,24.444445,24.444445,1
6,12,2,0,24.444448,3.094464e-06,62.06673,0.9912532,0.0,1.2937523,0.0,650.78375,0.0,24.444445,24.444445,1
6,13,2,0,24.444448,4.1213616e-06,61.79955,1.4907396,0.21280856,1.8367332,0.0,669.20734,1.0,24.444445,24.444445,1
6,14,2,0,24.44445,5.7420166e-06,61.480312,1.1481236,0.0,2.289532,0.0,667.7025,2.0,24.444445,24.444445,1
6,15,2,0,24.444452,8.545037e-06,61.102913,0.94176084,0.0,2.6654086,0.0,620.18005,1.0,24.444445,24.444445,1
6,16,2,0,24.444456,1.0710921e-05,60.721066,0.87865835,0.0,3.0790741,0.0,511.05188,1.0,24.444445,24.444445,1
6,17,2,0,24.444452,8.127615e-06,60.29254,0.7792402,0.0,3.3613846,0.0,398.14267,1.0,24.444445,24.444445,1
6,18,2,0,24.44445,5.234141e-06,59.954533,0.5412632,0.6844766,3.625158,0.0,260.77182,0.0,24.444445,24.444445,1
6,19,2,0,24.444448,4.1681483e-06,59.707626,0.97793716,0.684483,3.2813158,0.0,74.11013,2.0,24.444445,24.444445,1
6,20,2,0,24.444447,2.7294827e-06,59.378574,0.98111206,1.7559595,4.4091554,0.0,-0.0,2.0,24.444445,24.444445,1
6,21,2,0,24.444448,3.6460235e-06,59.16173,1.0705605,0.4563243,2.6879663,0.0,0.0,2.0,24.444445,24.444445,1
6,22,2,0,24.444448,4.74728e-06,59.06602,0.4430447,0.0,1.780372,0.0,0.0,2.0,24.444445,24.444445,1
6,23,2,0,24.44445,5.7663883e-06,59.02142,0.7095415,0.0,1.4947411,0.0,0.0,2.0,24.444445,24.444445,1
6,24,2,0,24.44445,5.581613e-06,59.078854,0.42674518,0.0,1.1723377,0.0,0.0,2.0,24.444445,24.444445,1
6,1,3,0,24.444445,-2.7910139e-07,59.215355,0.4220805,0.0,0.8940709,0.0,0.0,2.0,24.444445,24.444445,1
6,2,3,0,24.444448,4.374055e-06,59.32388,0.41900185,0.0,0.6930321,0.0,0.0,2.0,24.444445,24.444445,1
6,3,3,0,24.444448,4.3522123e-06,59.45737,0.41660294,0.0,0.54599935,0.0,0.0,2.0,24.444445,24.444445,1
6,4,3,0,24.444437,-7.306403e-06,59.818436,0.3971552,0.0,0.42439273,0.0,0.0,2.0,24.444445,24.444445,1
6,5,3,0,24.444447,2.5097077e-06,60.232605,0.43516034,0.0,0.245255,0.0,0.0,1.0,24.444445,24.444445,1
6,6,3,0,24.44443,-1.4174439e-05,60.907925,0.4998095,0.0,0.22995652,0.0,0.0,1.0,24.444445,24.444445,1
6,7,3,0,24.444452,7.746724e-06,61.32914,7.8730874,0.13575353,1.0789706,0.0,38.11108,2.0,24.444445,24.444445,1
6,8,3,0,24.169714,0.003046578,62.46934,0.8164316,0.1449139,1.1185992,0.0,145.06267,1.0,24.166666,24.166666,1
6,9,3,0,23.342686,0.009353284,65.46047,1.0114818,0.15966864,2.0971994,0.0,300.44415,1.0,23.333334,23.333334,1
6,10,3,0,23.333385,5.299085e-05,65.27484,1.1799242,0.3181993,2.2249792,0.0,472.73383,1.0,23.333334,23.333334,1
6,11,3,0,23.333338,4.101133e-06,65.023254,1.200786,0.28889817,2.3019383,0.0,589.0283,1.0,23.333334,23.333334,1
6,12,3,0,23.333338,4.4187595e-06,64.72207,0.9912532,0.0,2.4118445,0.0,650.66003,0.0,23.333334,23.333334,1
6,13,3,0,23.333338,5.357183e-06,64.370995,0.99097216,0.0,2.6835845,0.0,663.9515,0.0,23.333334,23.333334,1
6,14,3,0,23.33334,7.1994823e-06,63.9617,0.8463095,0.0,3.0336177,0.0,668.34973,0.0,23.333334,23.333334,1
6,15,3,0,23.333344,9.413804e-06,63.501152,0.7742047,0.0,3.4491425,0.0,631.40326,0.0,23.333334,23.333334,1
6,16,3,0,23.333344,1.0776692e-05,63.031273,0.87865835,0.0,3.953618,0.0,541.9156,1.0,23.333334,23.333334,1
6,17,3,0,23.33334,6.183089e-06,62.45671,0.7792402,0.0,4.261225,0.0,417.8207,1.0,23.333334,23.333334,1
6,18,3,0,24.439644,-0.004801163,58.365974,0.74361974,0.0,3.075282,0.0,248.76004,1.0,24.444445,24.444445,1
6,19,3,0,24.444407,-3.7476653e-05,58.303864,0.97793716,0.0,2.4675846,0.0,73.08698,2.0,24.444445,24.444445,1
6,20,3,0,24.444448,3.4276693e-06,58.29138,0.7263815,0.0,1.9437842,0.0,0.048653323,1.0,24.444445,24.444445,1
6,21,3,0,24.444448,4.6267983e-06,58.127056,1.0705605,1.1409881,3.1900942,0.0,0.0,2.0,24.444445,24.444445,1
6,22,3,0,24.444448,4.575326e-06,58.0892,0.81653184,0.0,1.9454341,0.0,0.0,2.0,24.444445,24.444445,1
6,23,3,0,24.44445,5.422713e-06,58.136677,0.4359811,0.0,1.361522,0.0,0.0,2.0,24.444445,24.444445,1
6,24,3,0,24.44445,5.211802e-06,58.214413,0.42674518,0.0,1.0548123,0.0,0.0,2.0,24.444445,24.444445,1
6,1,4,0,24.44445,5.1308893e-06,58.301334,0.4220805,0.0,0.843624,0.0,0.0,2.0,24.444445,24.444445,1
6,2,4,0,24.44443,-1.4363769e-05,58.669994,0.6382043,0.0,1.0758207,0.0,0.0,2.0,24.444445,24.444445,1
6,3,4,0,24.444422,-2.289167e-05,59.20716,0.63580537,0.0,1.0460768,0.0,0.0,2.0,24.444445,24.444445,1
6,4,4,0,24.44445,5.998324e-06,59.39711,0.6163576,0.0,0.95199853,0.0,0.0,2.0,24.444445,24.444445,1
6,5,4,0,24.444427,-1.7492825e-05,60.115734,0.4790008,0.0,0.49425507,0.0,0.0,2.0,24.444445,24.444445,1
6,6,4,0,24.444448,3.311472e-06,60.196854,0.4998095,0.0,0.34055504,0.0,0.0,2.0,24.444445,24.444445,1
6,7,4,0,24.444448,4.4790486e-06,60.449215,0.9906735,0.36777893,0.6047264,0.0,30.546791,2.0,24.444445,24.444445,1
6,8,4,0,24.444448,4.38842e-06,60.821323,1.035634,0.0,1.1498125,0.0,123.83852,1.0,24.444445,24.444445,1
6,9,4,0,24.444448,3.1383267e-06,60.88494,1.0114818,0.0,1.1239898,0.0,293.80566,1.0,24.444445,24.444445,1
6,10,4,0,24.444448,3.190708e-06,60.85323,0.993199,0.0,1.2474464,0.0,423.9477,0.0,24.444445,24.444445,1
6,11,4,0,24.444448,3.399791e-06,60.71977,1.0201404,0.0,1.5191218,0.0,538.5358,0.0,24.444445,24.444445,1
6,12,4,0,24.444448,4.0165173e-06,60.499916,1.1668177,0.0,1.9193062,0.0,645.2458,1.0,24.444445,24.444445,1
6,13,4,0,24.444448,4.865865e-06,60.185173,1.4907396,0.37712646,2.4045186,0.0,673.62964,1.0,24.444445,24.444445,1
6,14,4,0,24.444452,7.375823e-06,59.757183,1.1263275,0.15557541,2.780545,0.0,657.70404,1.0,24.444445,24.444445,1
6,15,4,0,24.444454,1.0302408e-05,59.300846,0.94176084,0.0,3.1776721,0.0,646.22,1.0,24.444445,24.444445,1
6,16,4,0,24.444456,1.1973029e-05,58.925236,0.7041002,0.0,3.2980952,0.0,549.505,0.0,24.444445,24.444445,1
6,17,4,0,24.444454,9.661468e-06,58.732708,0.9984426,0.0,3.9057481,0.0,413.06345,1.0,24.444445,24.444445,1
6,18,4,0,24.444448,4.8381453e-06,58.514584,1.1651787,0.0,4.3852606,0.0,238.44676,2.0,24.444445,24.444445,1
6,19,4,0,24.444448,4.0551504e-06,58.46877,1.1971396,0.67761195,3.8081794,0.0,70.1951,2.0,24.444445,24.444445,1
6,20,4,0,24.444448,4.0046507e-06,58.456146,1.2003145,0.0,3.198613,0.0,0.19978656,2.0,24.444445,24.444445,1
6,21,4,0,24.444448,4.8333113e-06,58.25149,1.0705605,0.0,2.4654987,0.0,0.0,2.0,24.444445,24.444445,1
6,22,4,0,24.44445,5.9516783e-06,58.121624,1.190019,0.0,2.1608872,0.0,0.0,2.0,24.444445,24.444445,1
6,23,4,0,24.44445,5.747167e-06,58.08681,0.4359811,0.0,1.57664,0.0,0.0,2.0,24.444445,24.444445,1
6,24,4,0,24.44445,5.5015253e-06,58.09216,0.42674518,0.0,1.1729635,0.0,0.0,2.0,24.444445,24.444445,1
6,1,5,0,24.44445,5.0798985e-06,58.075493,0.4220805,0.0,0.8970248,0.0,0.0,2.0,24.444445,24.444445,1
6,2,5,0,24.444448,4.400235e-06,58.101273,0.41900185,0.0,0.7056818,0.0,0.0,2.0,24.444445,24.444445,1
6,3,5,0,24.444445,1.093796e-06,58.186752,0.41660294,0.0,0.5510587,0.0,0.0,2.0,24.444445,24.444445,1
6,4,5,0,24.444445,-7.1949006e-07,58.34685,0.41882977,0.0,0.42420983,0.0,0.0,2.0,24.444445,24.444445,1
6,5,5,0,24.444447,1.782139e-06,58.669174,0.43516034,0.0,0.21124968,0.0,0.0,2.0,24.444445,24.444445,1
6,6,5,0,24.444447,2.58303e-06,58.810055,0.4998095,0.0,0.23415156,0.0,0.0,2.0,24.444445,24.444445,1
6,7,5,0,24.444452,7.4580585e-06,58.88815,0.66373295,0.49515852,0.94557273,0.0,32.44563,2.0,24.444445,24.444445,1
6,8,5,0,24.444448,3.581931e-06,59.206932,0.81258625,0.0,0.85362136,0.0,124.49292,0.0,24.444445,24.444445,1
6,9,5,0,24.444447,2.4642636e-06,59.277332,0.8161562,0.0,0.81264734,0.0,257.2859,0.0,24.444445,24.444445,1
6,10,5,0,24.444447,2.46925e-06,59.28465,0.993199,0.0,1.0233526,0.0,426.89832,0.0,24.444445,24.444445,1
6,11,5,0,24.444447,2.6262887e-06,59.19943,1.0201404,0.0,1.3028005,0.0,544.07434,0.0,24.444445,24.444445,1
6,12,5,0,24.444448,3.4890422e-06,59.011074,0.9912532,0.0,1.6142302,0.0,600.564,0.0,24.444445,24.444445,1
6,13,5,0,24.444448,4.597131e-06,58.72254,0.99097216,0.0,1.9636676,0.0,643.9292,0.0,24.444445,24.444445,1
6,14,5,0,23.900541,0.011652217,60.18611,1.0173473,0.0,3.0179272,0.0,635.8762,1.0,23.88889,23.88889,1
6,15,5,0,23.889574,0.0006859751,59.721134,0.94176084,0.0,3.5192895,0.0,594.2016,1.0,23.88889,23.88889,1
6,16,5,0,23.88896,7.152092e-05,59.209076,0.87865835,0.0,3.7537723,0.0,517.4479,1.0,23.88889,23.88889,1
6,17,5,0,23.730043,0.007821207,59.17146,0.7792402,0.0,4.101247,0.0,404.98438,1.0,23.722221,23.722221,1
6,18,5,0,23.345114,0.011781095,60.00368,0.9335952,0.0,5.2048993,0.0,240.97383,1.0,23.333334,23.333334,1
6,19,5,0,23.33345,0.000117008494,59.5027,0.75387216,0.0,4.2417107,0.0,73.04478,1.0,23.333334,23.333334,1
6,20,5,0,23.333338,4.770849e-06,59.363503,0.98111206,0.44950342,3.4770327,0.0,0.64509004,2.0,23.333334,23.333334,1
6,21,5,0,23.333338,4.636107e-06,59.163006,1.0705605,0.6742511,3.0095766,0.0,0.0,2.0,23.333334,23.333334,1
6,22,5,0,23.553724,-0.0018310455,58.285328,0.81653184,0.4495004,2.3246424,0.0,0.0,2.0,23.555555,23.555555,1
6,23,5,0,23.885447,-0.0034416567,57.233215,0.4359811,0.67423236,1.6134154,0.0,0.0,2.0,23.88889,23.88889,1
6,24,5,0,23.888844,-4.4487402e-05,57.354862,0.42674518,0.22475067,1.2909589,0.0,0.0,2.0,23.88889,23.88889,1
6,1,6,0,23.943542,-0.00090227457,57.31181,0.4220805,0.0,1.0147372,0.0,0.0,2.0,23.944445,23.944445,1
6,2,6,0,23.944426,-1.8099005e-05,57.59812,0.41900185,0.0,0.85500264,0.0,0.0,2.0,23.944445,23.944445,1
6,3,6,0,23.999006,-0.0009927967,57.53844,0.41660294,0.0,0.6914891,0.0,0.0,2.0,24.0,24.0,1
6,4,6,0,23.999977,-2.3481896e-05,57.888405,0.41882977,0.0,0.6012408,0.0,0.0,2.0,24.0,24.0,1
6,5,6,0,23.999971,-2.8466742e-05,58.55694,0.43516034,0.0,0.5058502,0.0,0.0,2.0,24.0,24.0,1
6,6,6,0,24.054358,-0.0011987463,58.39376,0.4998095,0.0,0.42342472,0.0,0.0,2.0,24.055555,24.055555,1
6,7,6,0,24.055546,-9.25743e-06,58.60448,0.52956533,0.0,0.5932928,0.0,31.399513,2.0,24.055555,24.055555,1
6,8,6,0,24.11086,-0.00024961974,58.612488,0.8164316,0.0,0.8942156,0.0,126.907616,2.0,24.11111,24.11111,1
6,9,6,0,24.111113,2.3199682e-06,58.732674,1.0114818,0.0,1.1979426,0.0,313.12985,2.0,24.11111,24.11111,1
6,10,6,0,24.166557,-0.00010982185,58.561123,1.1799242,0.0,1.4141549,0.0,468.01733,2.0,24.166666,24.166666,1
6,11,6,0,24.16667,3.536631e-06,58.511494,1.3814315,0.0,1.7748747,0.0,570.8614,2.0,24.166666,24.166666,1
6,12,6,0,24.16667,3.9270476e-06,58.3138,1.3423821,0.223648,2.1997857,0.0,605.10803,2.0,24.166666,24.166666,1
6,13,6,0,24.22173,-0.0004935034,57.855907,1.336626,0.0,2.5176406,0.0,626.4548,2.0,24.222221,24.222221,1
6,14,6,0,24.222216,-5.7622146e-06,57.58365,6.187976,0.22364783,3.5984907,0.0,610.83636,2.0,24.222221,24.222221,1
6,15,6,0,24.272953,-0.0048251753,57.04484,2.0183334,0.17281416,3.6703446,0.0,561.57465,2.0,24.277779,24.277779,1
6,16,6,0,24.277508,-0.000269573,56.682346,1.0532166,0.074276224,3.7163024,0.0,409.00247,2.0,24.277779,24.277779,1
6,17,6,0,24.332071,-0.0012625286,56.17767,0.9620526,0.0,3.666167,0.0,323.01184,2.0,24.333334,24.333334,1
6,18,6,0,24.333319,-1.4467686e-05,55.948093,0.94597626,0.22364794,3.7901804,0.0,193.13084,2.0,24.333334,24.333334,1
6,19,6,0,24.333338,3.684002e-06,55.709816,0.97793716,0.89826095,4.1932607,0.0,62.40982,2.0,24.333334,24.333334,1
6,20,6,0,24.388628,-0.0002609977,55.478207,0.98111206,0.44729522,2.7222655,0.0,1.1980659,2.0,24.38889,24.38889,1
6,21,6,0,24.388891,2.646087e-06,55.504593,1.0705605,0.0,2.152974,0.0,0.0,2.0,24.38889,24.38889,1
6,22,6,0,24.443956,-0.00048856094,55.412598,1.190019,0.0,1.8549587,0.0,0.0,2.0,24.444445,24.444445,1
6,23,6,0,24.444445,-7.3764676e-07,55.51302,0.9831019,0.0,1.579914,0.0,0.0,2.0,24.444445,24.444445,1
6,24,6,0,24.44445,5.1809893e-06,55.654343,0.42674518,0.0,1.1685328,0.0,0.0,2.0,24.444445,24.444445,1
6,1,7,0,24.44445,5.147266e-06,55.79251,0.4220805,0.0,0.92252266,0.0,0.0,2.0,24.444445,24.444445,1
6,2,7,0,24.44445,5.1763627e-06,55.93162,0.41900185,0.0,0.7434234,0.0,0.0,2.0,24.444445,24.444445,1
6,3,7,0,24.444433,-1.05767895e-05,56.288166,0.41660294,0.0,0.6101036,0.0,0.0,2.0,24.444445,24.444445,1
6,4,7,0,24.44443,-1.5024674e-05,56.660885,0.41882977,0.0,0.5094996,0.0,0.0,2.0,24.444445,24.444445,1
6,5,7,0,24.444448,3.4281013e-06,57.106247,0.43516034,0.0,0.39333156,0.0,0.0,2.0,24.444445,24.444445,1
6,6,7,0,24.444422,-2.3600844e-05,57.81766,0.4998095,0.0,0.377456,0.0,0.0,2.0,24.444445,24.444445,1
6,7,7,0,24.444448,3.4763984e-06,57.982746,0.52956533,0.0,0.5167099,0.0,33.540337,2.0,24.444445,24.444445,1
6,8,7,0,24.444448,3.205346e-06,58.356136,0.62261087,0.0,0.782402,0.0,123.7873,2.0,24.444445,24.444445,1
6,9,7,0,24.444447,2.989466e-06,58.63356,0.8161562,0.0,1.1883922,0.0,311.05093,2.0,24.444445,24.444445,1
6,10,7,0,24.444445,7.277326e-07,59.010757,0.993199,0.0,1.5371768,0.0,459.89026,2.0,24.444445,24.444445,1
6,11,7,0,24.444447,1.9899664e-06,59.03959,1.200786,0.0,1.9765555,0.0,567.5737,2.0,24.444445,24.444445,1
6,12,7,0,24.444448,4.706864e-06,58.781723,0.9912532,0.0,2.2872589,0.0,657.8581,1.0,24.444445,24.444445,1
6,13,7,0,24.44445,6.107683e-06,58.402218,1.1637992,0.0,2.7479975,0.0,601.5701,1.0,24.444445,24.444445,1
6,14,7,0,24.444452,8.075491e-06,57.941574,0.8463095,0.0,3.068915,0.0,605.98755,0.0,24.444445,24.444445,1
6,15,7,0,24.393927,0.005037889,57.644577,0.94176084,0.0,3.6161585,0.0,609.22406,1.0,24.38889,24.38889,1
6,16,7,0,23.981367,0.0924781,58.514782,0.87865835,0.0,4.464414,0.0,496.42938,1.0,23.88889,23.88889,1
6,17,7,0,23.419563,0.030675104,59.690887,0.7792402,1.5578514,5.657467,0.0,368.63934,1.0,23.38889,23.38889,1
6,18,7,0,23.770344,-0.007433868,57.97875,0.9335952,0.0,5.4587355,0.0,213.42915,1.0,23.777779,23.777779,1
6,19,7,0,23.341667,0.008333353,58.903427,0.75387216,0.0,4.765207,0.0,67.25283,1.0,23.333334,23.333334,1
6,20,7,0,23.33345,0.000116116535,58.52733,0.7263815,0.54783523,4.4644103,0.0,1.0910085,1.0,23.333334,23.333334,1
6,21,7,0,23.33334,6.3866514e-06,58.331715,0.45074904,0.0,3.0455847,0.0,0.0,1.0,23.333334,23.333334,1
6,22,7,0,23.33334,6.636814e-06,58.25469,0.81653184,0.44511598,2.5809412,0.0,0.0,2.0,23.333334,23.333334,1
6,23,7,0,23.496822,-0.003177496,57.747726,0.4359811,0.0,1.8601803,0.0,0.0,2.0,23.5,23.5,1
6,24,7,0,23.554197,-0.0013581975,57.704105,0.42674518,0.0,1.4866363,0.0,0.0,2.0,23.555555,23.555555,1
6,1,1,0,22.82422,0.046443515,60.324074,0.4220805,0.0,2.024601,0.0,0.0,2.0,22.777779,22.777779,1
6,2,1,0,22.77926,0.0014834979,60.665825,0.41900185,0.0,1.8855431,0.0,0.0,2.0,22.777779,22.777779,1
6,3,1,0,22.777895,0.00011779437,61.02721,0.41660294,0.0,1.6211597,0.0,0.0,2.0,22.777779,22.777779,1
6,4,1,0,23.665602,-0.0010639986,58.478767,0.41882977,0.0,0.5414034,0.0,0.0,2.0,23.666666,23.666666,1
6,5,1,0,24.355608,-0.088835835,57.653145,0.43516034,0.0,0.17051966,0.0,0.0,2.0,24.444445,24.444445,1
6,6,1,0,24.444445,-3.7852598e-07,58.838722,0.5277521,0.0,0.2795236,0.0,0.0,2.0,24.444445,24.444445,1
6,7,1,0,24.444454,1.0527499e-05,58.539932,0.7979006,2.8416598,3.7720506,0.0,30.147606,2.0,24.444445,24.444445,1
6,8,1,0,24.444466,2.2106005e-05,59.002132,0.8164316,0.0,1.3353121,0.0,119.31735,1.0,24.444445,24.444445,1
6,9,1,0,24.444448,3.7010898e-06,59.25464,1.0114818,0.0,1.316635,0.0,259.77896,1.0,24.444445,24.444445,1
6,10,1,0,24.444448,4.349177e-06,59.318665,0.993199,0.66446275,1.5687629,0.0,425.4306,0.0,24.444445,24.444445,1
6,11,1,0,24.444448,3.869843e-06,59.227848,1.0201404,0.2214911,1.8436525,0.0,587.1896,0.0,24.444445,24.444445,1
6,12,1,0,24.444448,4.7235444e-06,59.014927,0.9912532,0.0,2.251956,0.0,614.5536,0.0,24.444445,24.444445,1
6,13,1,0,24.007772,0.0077718687,60.147083,0.99097216,0.0,3.1342378,0.0,626.3763,0.0,24.0,24.0,1
6,14,1,0,23.894184,0.005294888,60.073475,0.8463095,0.0,3.6481636,0.0,632.1269,0.0,23.88889,23.88889,1
6,15,1,0,23.889412,0.0005222701,59.620316,0.7742047,0.0,3.8913972,0.0,602.2636,0.0,23.88889,23.88889,1
6,16,1,0,23.888983,9.460098e-05,59.196667,0.87865835,0.0,4.0898857,0.0,511.34137,1.0,23.88889,23.88889,1
6,17,1,0,23.68245,0.01578242,59.406345,0.7792402,0.0,4.405745,0.0,379.18033,1.0,23.666666,23.666666,1
6,18,1,0,24.435013,-0.009430834,56.557404,0.74361974,0.0,3.5189853,0.0,227.28403,1.0,24.444445,24.444445,1
6,19,1,0,23.899097,0.0102081625,58.09817,0.97793716,0.0,3.5909925,0.0,71.225815,2.0,23.88889,23.88889,1
6,20,1,0,23.341797,0.008463991,59.681847,0.98111206,0.0,3.894124,0.0,0.103232026,2.0,23.333334,23.333334,1
6,21,1,0,23.333443,0.00010879139,59.430138,1.0705605,0.22149107,3.3969073,0.0,0.0,2.0,23.333334,23.333334,1
6,22,1,0,23.333342,8.545508e-06,59.409424,8.053867,0.0,3.6097884,0.0,0.0,2.0,23.333334,23.333334,1
6,23,1,0,23.773922,-0.0038567332,57.780685,0.7095415,0.0,1.9280025,0.0,0.0,2.0,23.777779,23.777779,1
6,24,1,0,24.44159,-0.0028552695,55.80605,0.42674518,0.44297847,0.8160037,0.0,0.0,2.0,24.444445,24.444445,1
6,1,2,0,24.444399,-4.5324716e-05,56.043922,0.4220805,0.0,0.6620642,0.0,0.0,2.0,24.444445,24.444445,1
6,2,2,0,24.179173,0.01250539,57.216793,0.41900185,0.0,0.82673794,0.0,0.0,2.0,24.166666,24.166666,1
6,3,2,0,23.904064,0.015175347,58.819286,0.41660294,0.0,1.0196077,0.0,0.0,2.0,23.88889,23.88889,1
6,4,2,0,23.889463,0.00057498243,59.52143,0.41882977,0.0,0.9258283,0.0,0.0,2.0,23.88889,23.88889,1
6,5,2,0,23.888805,-8.264497e-05,60.444675,0.43516034,0.0,0.8500438,0.0,0.0,2.0,23.88889,23.88889,1
6,6,2,0,23.888811,-7.842928e-05,61.301037,0.5277521,0.0,0.7231994,0.0,0.0,2.0,23.88889,23.88889,1
6,7,2,0,24.162952,-0.0037141189,60.54966,0.52956533,0.0,0.6033314,0.0,30.65705,1.0,24.166666,24.166666,1
6,8,2,0,24.443888,-0.0005570687,59.947845,0.62261087,0.0,0.7031158,0.0,121.72347,1.0,24.444445,24.444445,1
6,9,2,0,23.89368,0.0047921003,62.084595,0.8161562,0.0,1.4731073,0.0,274.83737,1.0,23.88889,23.88889,1
6,10,2,0,23.888924,3.4377324e-05,62.259296,1.1799242,0.0,1.9152403,0.0,445.7639,1.0,23.88889,23.88889,1
6,11,2,0,23.888893,4.6931023e-06,62.110916,1.0201404,0.0,2.087434,0.0,583.2748,0.0,23.88889,23.88889,1
6,12,2,0,23.888893,4.986464e-06,61.827644,0.9912532,0.0,2.4094903,0.0,587.5811,0.0,23.88889,23.88889,1
6,13,2,0,23.888895,6.2721706e-06,61.45466,0.99097216,0.0,2.7761364,0.0,642.20447,1.0,23.88889,23.88889,1
6,14,2,0,23.888897,8.1463095e-06,60.985092,0.8463095,0.44087386,3.239549,0.0,594.6027,1.0,23.88889,23.88889,1
6,15,2,0,23.888899,9.987429e-06,60.46356,0.7742047,0.0,3.587531,0.0,599.71814,0.0,23.88889,23.88889,1
6,16,2,0,23.888899,1.0840769e-05,59.965565,0.7041002,0.0,3.8598185,0.0,500.1422,0.0,23.88889,23.88889,1
6,17,2,0,23.888897,8.874313e-06,59.415424,0.7792402,0.0,4.1240363,0.0,406.62256,1.0,23.88889,23.88889,1
6,18,2,0,24.43331,-0.011135006,57.061504,1.0705602,0.17624032,3.7548203,0.0,255.22125,1.0,24.444445,24.444445,1
6,19,2,0,24.4443,-0.00014404548,56.673874,1.1087134,0.0,3.2049758,0.0,78.30136,2.0,24.444445,24.444445,1
6,20,2,0,24.444447,2.807984e-06,56.55381,1.2003145,2.2875266,3.5773244,0.0,0.8052874,2.0,24.444445,24.444445,1
6,21,2,0,24.444448,3.8145324e-06,56.457924,1.6167034,1.4586129,4.4273586,0.0,0.0,2.0,24.444445,24.444445,1
6,22,2,0,23.635025,0.023914054,58.88344,1.8289336,2.065308,5.7120457,0.0,0.0,2.0,23.61111,23.61111,1
6,23,2,0,23.394688,0.0057989447,59.64034,7.9005275,0.26689067,4.32154,0.0,0.0,2.0,23.38889,23.38889,1
6,24,2,0,24.441154,-0.0032892236,56.181316,0.42674518,0.66127855,1.3017116,0.0,0.0,2.0,24.444445,24.444445,1
6,1,3,0,24.444384,-6.0776878e-05,56.311657,0.4220805,0.21940279,0.8279072,0.0,0.0,2.0,24.444445,24.444445,1
6,2,3,0,24.444433,-1.1382996e-05,56.62493,0.41900185,0.0,0.6907267,0.0,0.0,2.0,24.444445,24.444445,1
6,3,3,0,24.444427,-1.7622691e-05,56.985477,0.41660294,0.0,0.61149764,0.0,0.0,2.0,24.444445,24.444445,1
6,4,3,0,24.444448,4.470123e-06,57.101414,0.41882977,0.0,0.539865,0.0,0.0,2.0,24.444445,24.444445,1
6,5,3,0,24.444403,-4.1453768e-05,57.8448,0.43516034,0.0,0.47009507,0.0,0.0,2.0,24.444445,24.444445,1
6,6,3,0,24.44445,5.431075e-06,58.521107,0.4998095,0.0,0.43272066,0.0,0.0,2.0,24.444445,24.444445,1
6,7,3,0,24.444452,7.963433e-06,58.5499,0.66373295,0.742752,1.4480777,0.0,30.469286,1.0,24.444445,24.444445,1
6,8,3,0,24.444448,3.87251e-06,58.723206,0.62261087,0.0,0.8830544,0.0,126.06751,0.0,24.444445,24.444445,1
6,9,3,0,24.002611,0.0026117011,60.28313,0.8161562,0.0,1.3513622,0.0,294.48328,0.0,24.0,24.0,1
6,10,3,0,23.88927,0.00038275775,60.563595,0.993199,0.0,1.616875,0.0,453.1678,0.0,23.88889,23.88889,1
6,11,3,0,23.888893,4.806636e-06,60.35416,1.0201404,0.43880853,1.8121632,0.0,560.9115,0.0,23.88889,23.88889,1
6,12,3,0,23.888893,4.435417e-06,60.049118,0.9912532,0.0,2.0459738,0.0,573.3791,0.0,23.88889,23.88889,1
6,13,3,0,23.888895,5.6936924e-06,59.68028,0.99097216,0.0,2.3658898,0.0,617.8546,0.0,23.88889,23.88889,1
6,14,3,0,23.888897,7.5600883e-06,59.260517,0.8463095,0.0,2.7377574,0.0,651.3281,0.0,23.88889,23.88889,1
6,15,3,0,23.888899,9.237321e-06,58.79903,0.7742047,0.0,3.2024794,0.0,597.265,0.0,23.88889,23.88889,1
6,16,3,0,23.8889,1.1012577e-05,58.35364,0.87865835,0.0,3.7026405,0.0,526.0115,1.0,23.88889,23.88889,1
6,17,3,0,23.888897,7.934295e-06,57.83405,0.9620526,0.0,4.1436825,0.0,409.03098,2.0,23.88889,23.88889,1
6,18,3,0,24.271202,-0.0065752054,56.074547,0.74361974,0.0,3.8995285,0.0,252.61232,1.0,24.277779,24.277779,1
6,19,3,0,23.89379,0.004900771,56.956448,0.75387216,0.0,3.639929,0.0,78.75691,1.0,23.88889,23.88889,1
6,20,3,0,23.888927,3.826613e-05,56.709736,0.7263815,0.658209,3.1597202,0.0,-0.0,1.0,23.88889,23.88889,1
6,21,3,0,23.888895,5.412059e-06,56.50958,0.76065475,0.0,2.861414,0.0,0.0,2.0,23.88889,23.88889,1
6,22,3,0,23.888895,5.7949173e-06,56.393227,0.81653184,0.55810416,3.2960606,0.0,0.0,2.0,23.88889,23.88889,1
6,23,3,0,23.888895,6.343403e-06,56.372227,0.7095415,0.9042027,3.1760068,0.0,0.0,2.0,23.88889,23.88889,1
6,24,3,0,24.441383,-0.0030618836,54.725327,0.42674518,0.43880028,1.319178,0.0,0.0,2.0,24.444445,24.444445,1
6,1,4,0,24.444405,-4.014004e-05,54.85813,0.4220805,0.0,0.9270403,0.0,0.0,2.0,24.444445,24.444445,1
6,2,4,0,24.444439,-4.678854e-06,55.137127,0.41900185,0.0,0.7890981,0.0,0.0,2.0,24.444445,24.444445,1
6,3,4,0,24.444448,3.5375301e-06,55.18055,0.41660294,0.0,0.6735103,0.0,0.0,2.0,24.444445,24.444445,1
6,4,4,0,24.444448,3.631115e-06,55.262512,0.41882977,0.0,0.5742046,0.0,0.0,2.0,24.444445,24.444445,1
6,5,4,0,24.444435,-9.064331e-06,55.785213,0.43516034,0.0,0.40530628,0.0,0.0,2.0,24.444445,24.444445,1
6,6,4,0,24.444448,3.1479296e-06,55.844486,0.4998095,0.0,0.4080893,0.0,0.0,2.0,24.444445,24.444445,1
6,7,4,0,24.444448,3.5613523e-06,55.93633,0.52956533,0.0,0.61333424,0.0,28.893847,2.0,24.444445,24.444445,1
6,8,4,0,24.444447,2.9759149e-06,56.058853,0.8164316,0.0,0.95695716,0.0,125.31364,2.0,24.444445,24.444445,1
6,9,4,0,24.444447,2.3832022e-06,56.123962,0.8161562,0.0,1.0856432,0.0,308.99515,0.0,24.444445,24.444445,1
6,10,4,0,24.444447,2.5062045e-06,56.1256,0.993199,0.0,1.3247104,0.0,466.68594,0.0,24.444445,24.444445,1
6,11,4,0,24.444448,3.140516e-06,56.052757,1.0201404,0.0,1.6133553,0.0,583.4434,0.0,24.444445,24.444445,1
6,12,4,0,24.444448,4.1237786e-06,55.89221,0.9912532,0.0,1.9679744,0.0,612.975,0.0,24.444445,24.444445,1
6,13,4,0,24.44445,5.8212377e-06,55.665535,0.99097216,0.0,2.2969418,0.0,665.97675,0.0,24.444445,24.444445,1
6,14,4,0,24.444454,8.984736e-06,55.409767,0.8463095,0.0,2.6268804,0.0,625.31525,0.0,24.444445,24.444445,1
6,15,4,0,24.444454,1.0290858e-05,55.13126,0.7742047,0.0,2.9564247,0.0,613.63776,0.0,24.444445,24.444445,1
6,16,4,0,24.190767,0.024100361,55.375847,0.87865835,0.0,3.6403966,0.0,525.1881,1.0,24.166666,24.166666,1
6,17,4,0,23.899529,0.010640184,55.95514,0.7792402,0.0,4.266055,0.0,417.61484,1.0,23.88889,23.88889,1
6,18,4,0,24.438595,-0.0058491277,53.950348,0.74361974,0.0,3.6203718,0.0,252.5577,1.0,24.444445,24.444445,1
6,19,4,0,24.44439,-5.47656e-05,53.75638,0.97793716,0.0,3.1086166,0.0,82.75813,2.0,24.444445,24.444445,1
6,20,4,0,24.444448,3.5499418e-06,53.604733,0.98111206,1.0257249,3.7772057,0.0,0.52753806,2.0,24.444445,24.444445,1
6,21,4,0,24.444448,4.4006765e-06,53.48042,1.0705605,1.1907336,3.6835067,0.0,0.0,2.0,24.444445,24.444445,1
6,22,4,0,24.11604,0.0049281577,54.466927,0.81653184,0.0,2.5641162,0.0,0.0,2.0,24.11111,24.11111,1
6,23,4,0,23.894651,0.005763128,55.179874,0.4359811,0.43676987,2.1976473,0.0,0.0,2.0,23.88889,23.88889,1
6,24,4,0,24.440643,-0.0038017423,53.47961,0.42674518,0.6551315,1.1766855,0.0,0.0,2.0,24.444445,24.444445,1
6,1,5,0,24.444366,-7.7521785e-05,53.566437,0.4220805,0.0,0.9041144,0.0,0.0,2.0,24.444445,24.444445,1
6,2,5,0,24.444448,3.5012674e-06,53.64205,0.41900185,0.0,0.78461635,0.0,0.0,2.0,24.444445,24.444445,1
6,3,5,0,24.444443,-1.6706317e-06,53.83619,0.41660294,0.0,0.68377036,0.0,0.0,2.0,24.444445,24.444445,1
6,4,5,0,24.444448,4.2508527e-06,53.915455,0.41882977,0.0,0.59801185,0.0,0.0,2.0,24.444445,24.444445,1
6,5,5,0,24.444448,3.9657716e-06,54.299683,0.43516034,0.0,0.44037607,0.0,0.0,1.0,24.444445,24.444445,1
6,6,5,0,24.444422,-2.227547e-05,54.843456,0.4998095,0.0,0.40992916,0.0,0.0,1.0,24.444445,24.444445,1
6,7,5,0,24.444448,3.4721154e-06,54.95796,0.66373295,0.0,0.6595276,0.0,26.677248,1.0,24.444445,24.444445,1
6,8,5,0,24.44445,5.1695547e-06,55.066566,0.8164316,1.194903,2.4056287,0.0,121.979065,1.0,24.444445,24.444445,1
6,9,5,0,24.444448,3.6021843e-06,55.208965,1.3384222,0.22128628,1.640231,0.0,313.02585,1.0,24.444445,24.444445,1
6,10,5,0,24.444448,3.1527684e-06,55.29688,1.2889044,0.13967198,1.7000333,0.0,445.4817,1.0,24.444445,24.444445,1
6,11,5,0,24.444448,3.6078573e-06,55.326538,1.200786,0.0,1.9988791,0.0,526.71674,1.0,24.444445,24.444445,1
6,12,5,0,24.444448,4.305614e-06,55.316753,1.1668177,0.0,2.3619184,0.0,616.8349,1.0,24.444445,24.444445,1
6,13,5,0,24.44445,5.912172e-06,55.256325,0.99097216,0.0,2.657845,0.0,635.7266,0.0,24.444445,24.444445,1
6,14,5,0,24.444452,7.930988e-06,55.153225,0.8463095,0.0,2.9972122,0.0,641.7631,0.0,24.444445,24.444445,1
6,15,5,0,24.444454,9.9580375e-06,55.020542,0.7742047,0.0,3.3640049,0.0,546.2031,0.0,24.444445,24.444445,1
6,16,5,0,24.043545,0.04354496,56.018063,0.7041002,0.0,4.106068,0.0,485.46182,0.0,24.0,24.0,1
6,17,5,0,23.894629,0.0057388586,56.22512,0.7792402,0.0,4.6283236,0.0,396.13135,1.0,23.88889,23.88889,1
6,18,5,0,24.270674,-0.0071038315,54.83289,0.94597626,0.0,4.3348913,0.0,238.57353,2.0,24.277779,24.277779,1
6,19,5,0,23.896793,0.007903726,56.028248,1.1679126,0.0,4.576055,0.0,77.3996,2.0,23.88889,23.88889,1
6,20,5,0,23.888979,8.9926914e-05,55.91085,0.98111206,0.0,3.7546103,0.0,0.9449139,2.0,23.88889,23.88889,1
6,21,5,0,23.888895,6.426688e-06,55.923985,1.0705605,0.21739075,3.1251569,0.0,0.0,2.0,23.88889,23.88889,1
6,22,5,0,23.888895,6.2640597e-06,56.032505,0.81653184,0.0,2.529509,0.0,0.0,2.0,23.88889,23.88889,1
6,23,5,0,23.888895,6.5369077e-06,56.142006,0.7095415,0.0,2.0666301,0.0,0.0,2.0,23.88889,23.88889,1
6,24,5,0,24.42756,-0.016882965,54.418243,0.526549,1.7787178,3.1723258,0.0,0.0,2.0,24.444445,24.444445,1
6,1,6,0,24.444195,-0.00024893993,54.56064,0.4220805,0.0,1.2327894,0.0,0.0,2.0,24.444445,24.444445,1
6,2,6,0,24.444445,1.1929187e-07,54.71574,0.41900185,0.0,0.8650007,0.0,0.0,2.0,24.444445,24.444445,1
6,3,6,0,24.44445,6.1271644e-06,54.92636,0.41660294,0.0,0.7563595,0.0,0.0,2.0,24.444445,24.444445,1
6,4,6,0,24.444403,-4.265901e-05,55.485565,0.41882977,0.0,0.67385244,0.0,0.0,2.0,24.444445,24.444445,1
6,5,6,0,24.444357,-8.7285174e-05,56.367996,0.43516034,0.0,0.5994126,0.0,0.0,2.0,24.444445,24.444445,1
6,6,6,0,24.44438,-6.4367014e-05,57.221947,0.4998095,0.0,0.5284466,0.0,0.0,2.0,24.444445,24.444445,1
6,7,6,0,24.444448,3.9990086e-06,57.38516,0.52956533,0.0,0.71088785,0.0,26.996922,2.0,24.444445,24.444445,1
6,8,6,0,24.444448,3.9713896e-06,57.66656,0.62261087,0.0,0.9865154,0.0,109.54915,2.0,24.444445,24.444445,1
6,9,6,0,24.444448,3.5144067e-06,57.849937,1.0114818,0.0,1.2959374,0.0,244.44907,2.0,24.444445,24.444445,1
6,10,6,0,23.948824,0.0043796017,59.54541,1.3666495,0.0,2.1526647,0.0,405.10904,2.0,23.944445,23.944445,1
6,11,6,0,23.889334,0.0004442709,59.626263,1.3814315,0.0,2.5798972,0.0,517.6317,2.0,23.88889,23.88889,1
6,12,6,0,23.888897,8.94622e-06,59.44518,1.3423821,0.0,2.9523237,0.0,561.14307,2.0,23.88889,23.88889,1
6,13,6,0,23.888895,5.9835456e-06,59.207817,1.336626,0.21641183,3.3841047,0.0,577.47656,2.0,23.88889,23.88889,1
6,14,6,0,23.888897,7.552262e-06,58.917152,1.0173473,0.0,3.6790235,0.0,588.0688,1.0,23.88889,23.88889,1
6,15,6,0,23.888897,8.602887e-06,58.609703,1.109317,0.0,4.173852,0.0,568.20294,2.0,23.88889,23.88889,1
6,16,6,0,23.888897,8.846522e-06,58.300255,1.0532166,0.0,4.5444493,0.0,484.76068,2.0,23.88889,23.88889,1
6,17,6,0,23.888895,5.760127e-06,57.949642,0.9620526,0.4328115,4.771225,0.0,387.63956,2.0,23.88889,23.88889,1
6,18,6,0,24.432951,-0.01149344,55.993584,0.74361974,0.0,4.0074654,0.0,232.91516,2.0,24.444445,24.444445,1
6,19,6,0,24.444256,-0.00018929459,55.866356,0.97793716,0.0,3.4200933,0.0,75.83843,2.0,24.444445,24.444445,1
6,20,6,0,24.444447,2.9279213e-06,55.851055,0.98111206,0.43282148,2.9487183,0.0,1.5164864,2.0,24.444445,24.444445,1
6,21,6,0,24.444452,6.9663856e-06,55.803604,1.0705605,0.6492242,2.548098,0.0,0.0,2.0,24.444445,24.444445,1
6,22,6,0,24.44445,5.906987e-06,55.8347,1.190019,0.0,2.2004304,0.0,0.0,2.0,24.444445,24.444445,1
6,23,6,0,24.44445,5.945544e-06,55.880096,0.7095415,0.0,1.7578077,0.0,0.0,2.0,24.444445,24.444445,1
6,24,6,0,24.44445,5.8582823e-06,55.93212,0.42674518,0.0,1.3613871,0.0,0.0,2.0,24.444445,24.444445,1
6,1,7,0,24.44445,5.893571e-06,55.983715,0.4220805,0.0,1.1102656,0.0,0.0,2.0,24.444445,24.444445,1
6,2,7,0,24.44445,6.207205e-06,56.03803,0.41900185,0.0,0.93758625,0.0,0.0,2.0,24.444445,24.444445,1
6,3,7,0,24.444439,-5.1844154e-06,56.20847,0.41660294,0.0,0.8153736,0.0,0.0,2.0,24.444445,24.444445,1
6,4,7,0,24.44445,5.843707e-06,56.284206,0.41882977,0.0,0.7118189,0.0,0.0,2.0,24.444445,24.444445,1
6,5,7,0,24.444403,-4.1032672e-05,56.826626,0.43516034,0.0,0.6144987,0.0,0.0,2.0,24.444445,24.444445,1
6,6,7,0,24.444408,-3.5231522e-05,57.33283,0.5277521,0.0,0.5572409,0.0,0.0,2.0,24.444445,24.444445,1
6,7,7,0,24.444448,4.9706578e-06,57.350445,0.7979006,0.0,0.787667,0.0,32.39403,2.0,24.444445,24.444445,1
6,8,7,0,24.22506,0.0028373,58.068638,0.8164316,0.71451926,2.0174289,0.0,94.847885,1.0,24.222221,24.222221,1
6,9,7,0,23.89209,0.0032006616,59.348957,1.4260097,0.0,2.3581994,0.0,222.7985,2.0,23.88889,23.88889,1
6,10,7,0,23.888912,2.3925842e-05,59.420074,1.5858519,0.0,2.6102865,0.0,301.65628,2.0,23.88889,23.88889,1
6,11,7,0,23.888893,3.8677067e-06,59.42537,1.9275744,0.34518367,3.0696418,0.0,426.74747,2.0,23.88889,23.88889,1
6,12,7,0,23.888893,4.2712686e-06,59.164135,1.3423821,0.23927236,3.027097,0.0,453.95776,2.0,23.88889,23.88889,1
6,13,7,0,23.888893,4.0790746e-06,58.78,1.336626,1.295119,4.670752,0.0,487.491,2.0,23.88889,23.88889,1
6,14,7,0,23.888897,8.044176e-06,58.489746,1.0173473,0.23621161,3.9378035,0.0,469.80167,1.0,23.88889,23.88889,1
6,15,7,0,23.888899,1.0586982e-05,58.30432,0.94176084,0.0,3.9280736,0.0,410.56873,1.0,23.88889,23.88889,1
6,16,7,0,23.888897,8.320248e-06,58.13132,0.7041002,0.0,3.9690442,0.0,349.08908,1.0,23.88889,23.88889,1
6,17,7,0,23.888895,5.9297736e-06,58.03152,0.7792402,0.0,3.9861286,0.0,251.37875,2.0,23.88889,23.88889,1
6,18,7,0,24.43886,-0.0055839154,56.390656,0.94597626,0.0,3.3842466,0.0,153.77266,2.0,24.444445,24.444445,1
6,19,7,0,24.116308,0.005196519,57.711258,0.97793716,0.0,3.2661386,0.0,50.876034,2.0,24.11111,24.11111,1
6,20,7,0,23.674465,0.007799332,59.1768,0.98111206,0.0,3.4699867,0.0,1.8466605,2.0,23.666666,23.666666,1
6,21,7,0,23.340206,0.0068724127,60.29238,0.76065475,0.21545199,3.4117942,0.0,0.0,2.0,23.333334,23.333334,1
6,22,7,0,23.333471,0.0001378961,60.355198,0.81653184,0.21545185,2.9215693,0.0,0.0,2.0,23.333334,23.333334,1
6,23,7,0,23.441795,-0.0026488078,60.121742,0.4359811,0.64632684,2.2165868,0.0,0.0,2.0,23.444445,23.444445,1
6,24,7,0,24.432673,-0.011772135,57.038998,0.42674518,0.0,0.7386804,0.0,0.0,2.0,24.444445,24.444445,1
6,1,1,0,24.444235,-0.00020948242,57.217392,0.4220805,0.429023,0.70087063,0.0,0.0,2.0,24.444445,24.444445,1
6,2,1,0,24.444426,-1.9239844e-05,57.706734,0.41900185,0.0,0.6684649,0.0,0.0,2.0,24.444445,24.444445,1
6,3,1,0,24.444424,-2.0810923e-05,58.03348,0.41660294,0.0,0.6372297,0.0,0.0,2.0,24.444445,24.444445,1
6,4,1,0,24.444437,-8.001684e-06,58.250237,0.41882977,0.0,0.5939859,0.0,0.0,2.0,24.444445,24.444445,1
6,5,1,0,24.444418,-2.5689389e-05,58.824715,0.43516034,0.0,0.53594214,0.0,0.0,2.0,24.444445,24.444445,1
6,6,1,0,24.444448,4.257853e-06,58.84978,0.4998095,0.0,0.49928138,0.0,0.0,2.0,24.444445,24.444445,1
6,7,1,0,24.44445,5.6317235e-06,58.98989,0.7979006,0.0,0.7198742,0.0,29.462023,2.0,24.444445,24.444445,1
6,8,1,0,24.444448,4.213036e-06,59.02625,0.8164316,0.13511765,1.0271939,0.0,107.92758,1.0,24.444445,24.444445,1
6,9,1,0,24.058231,0.0026755494,60.306572,0.8161562,0.0,1.3139365,0.0,209.08107,0.0,24.055555,24.055555,1
6,10,1,0,23.889896,0.0010083171,60.732292,0.993199,0.0,1.6991084,0.0,296.65018,0.0,23.88889,23.88889,1
6,11,1,0,23.8889,1.1376875e-05,60.515923,1.0201404,0.64352834,2.0075607,0.0,330.33072,0.0,23.88889,23.88889,1
6,12,1,0,23.888895,5.332472e-06,60.24306,0.9912532,0.0,2.276493,0.0,446.4178,0.0,23.88889,23.88889,1
6,13,1,0,23.888895,5.776561e-06,59.945675,0.99097216,0.0,2.5996733,0.0,479.94464,0.0,23.88889,23.88889,1
6,14,1,0,23.888897,7.5217126e-06,59.675346,0.8463095,0.0,2.8606799,0.0,516.17505,0.0,23.88889,23.88889,1
6,15,1,0,23.888899,1.0294964e-05,59.470943,0.7742047,0.0,3.185281,0.0,461.90042,0.0,23.88889,23.88889,1
6,16,1,0,23.88895,6.141804e-05,59.136387,0.7041002,0.0,3.5080984,0.0,388.61566,0.0,23.88889,23.88889,1
6,17,1,0,23.888895,6.690486e-06,59.118965,0.59642774,0.0,3.5843132,0.0,296.32053,0.0,23.88889,23.88889,1
6,18,1,0,24.10893,-0.0021799183,58.692413,0.74361974,0.0,3.2399914,0.0,174.85452,1.0,24.11111,24.11111,1
6,19,1,0,23.891043,0.002154305,59.64586,0.75387216,0.0,2.8520174,0.0,56.386684,1.0,23.88889,23.88889,1
6,20,1,0,23.888912,2.272521e-05,59.84411,0.7263815,0.0,2.3218124,0.0,1.3328978,1.0,23.88889,23.88889,1
6,21,1,0,23.888895,6.3587154e-06,59.983303,1.0705605,0.0,2.1149507,0.0,0.0,2.0,23.88889,23.88889,1
6,22,1,0,23.888895,6.3959797e-06,60.107693,0.81653184,0.0,1.8040968,0.0,0.0,2.0,23.88889,23.88889,1
6,23,1,0,23.888897,7.2596354e-06,60.247944,0.4359811,0.0,1.4306154,0.0,0.0,2.0,23.88889,23.88889,1
6,24,1,0,24.438696,-0.005748535,58.539745,0.42674518,0.21450926,0.6874928,0.0,0.0,2.0,24.444445,24.444445,1
6,1,2,0,24.444275,-0.00016992688,58.671535,0.4220805,0.0,0.606536,0.0,0.0,2.0,24.444445,24.444445,1
6,2,2,0,24.444418,-2.6553489e-05,59.04744,0.41900185,0.0,0.57765025,0.0,0.0,2.0,24.444445,24.444445,1
6,3,2,0,24.444412,-3.2017168e-05,59.340004,0.41660294,0.0,0.5473122,0.0,0.0,2.0,24.444445,24.444445,1
6,4,2,0,24.444424,-2.0780399e-05,59.59604,0.41882977,0.0,0.5080555,0.0,0.0,2.0,24.444445,24.444445,1
6,5,2,0,24.44445,5.597372e-06,60.225338,0.43516034,0.0,0.4419743,0.0,0.0,2.0,24.444445,24.444445,1
6,6,2,0,24.44445,5.9586164e-06,60.76822,0.4998095,0.0,0.42467123,0.0,0.0,2.0,24.444445,24.444445,1
6,7,2,0,24.444458,1.2617326e-05,60.59751,0.52956533,1.1725352,1.7878675,0.0,15.449244,1.0,24.444445,24.444445,1
6,8,2,0,23.976473,0.032029238,62.34539,0.62261087,0.0,0.97483355,0.0,57.57614,1.0,23.944445,23.944445,1
6,9,2,0,23.890162,0.0012722224,62.735546,1.0114818,0.0,1.0073209,0.0,88.38177,1.0,23.88889,23.88889,1
6,10,2,0,24.333204,-0.00012921245,61.237324,0.993199,0.0,0.5703592,0.0,186.40683,0.0,24.333334,24.333334,1
6,11,2,0,24.444191,-0.00025266688,60.96663,1.0201404,0.0,0.6027179,0.0,255.72255,0.0,24.444445,24.444445,1
6,12,2,0,24.444447,2.149219e-06,61.08344,0.9912532,0.0,0.74763376,0.0,299.9428,0.0,24.444445,24.444445,1
6,13,2,0,24.44445,5.794675e-06,61.224133,0.99097216,0.21358967,0.90409535,0.0,205.22658,0.0,24.444445,24.444445,1
6,14,2,0,24.444454,1.0473414e-05,61.476364,0.8463095,0.0,1.0311655,0.0,190.03812,0.0,24.444445,24.444445,1
6,15,2,0,24.444454,9.444676e-06,61.62094,0.7742047,0.0,1.1473019,0.0,139.21532,0.0,24.444445,24.444445,1
6,16,2,0,24.390844,0.001954698,61.972153,0.7041002,0.0,1.2282478,0.0,113.889206,0.0,24.38889,24.38889,1
6,17,2,0,23.914732,0.025843807,63.931576,0.59642774,0.0,1.6505895,0.0,144.02159,0.0,23.88889,23.88889,1
6,18,2,0,24.438498,-0.0059475596,62.213528,0.5412632,0.0,0.9877942,0.0,64.89156,0.0,24.444445,24.444445,1
6,19,2,0,24.444283,-0.00016237212,62.69573,0.97307456,0.0,1.2498081,0.0,24.327637,1.0,24.444445,24.444445,1
6,20,2,0,24.444447,3.011871e-06,62.63188,0.7263815,0.0,0.90243703,0.0,1.2636462,1.0,24.444445,24.444445,1
6,21,2,0,24.444452,7.4128884e-06,62.646904,1.0875952,0.22676119,0.9245752,0.0,0.0,2.0,24.444445,24.444445,1
6,22,2,0,24.44445,5.7070993e-06,62.77103,1.1434723,0.0,0.9108027,0.0,0.0,2.0,24.444445,24.444445,1
6,23,2,0,24.44445,6.3268767e-06,62.967014,0.4359811,0.21358527,0.67157567,0.0,0.0,2.0,24.444445,24.444445,1
6,24,2,0,24.444452,7.3623123e-06,63.313995,0.42674518,0.21358486,0.57704705,0.0,0.0,2.0,24.444445,24.444445,1
6,1,3,0,24.444452,7.698992e-06,63.758766,0.4220805,0.6380709,0.57408124,0.0,0.0,2.0,24.444445,24.444445,1
6,2,3,0,24.444452,7.1057457e-06,64.22283,0.41900185,0.21268205,0.49305165,0.0,0.0,2.0,24.444445,24.444445,1
6,3,3,0,24.44445,6.426273e-06,64.65599,0.41660294,0.0,0.42385393,0.0,0.0,2.0,24.444445,24.444445,1
6,4,3,0,24.44445,6.1593846e-06,65.03129,0.41882977,0.0,0.38377857,0.0,0.0,2.0,24.444445,24.444445,1
6,5,3,0,24.44445,5.1604115e-06,65.67444,0.41766235,0.0,0.3215157,0.0,0.0,2.0,24.444445,24.444445,1
6,6,3,0,24.444458,1.4440811e-05,65.929855,0.4998095,0.81032807,1.2382004,0.0,0.0,1.0,24.444445,24.444445,1
6,7,3,0,24.444454,9.243124e-06,66.10573,0.66373295,0.0,0.5116519,0.0,24.36583,1.0,24.444445,24.444445,1
6,8,3,0,24.389446,0.0005578261,66.45999,0.62261087,0.0,0.41435558,0.0,70.232895,0.0,24.38889,24.38889,1
6,9,3,0,23.898129,0.009239219,68.47808,0.8161562,0.0,0.82032335,0.0,104.923904,0.0,23.88889,23.88889,1
6,10,3,0,23.888988,9.8991935e-05,68.51581,0.993199,0.0,0.9243139,0.0,199.41814,0.0,23.88889,23.88889,1
6,11,3,0,23.888893,5.1846705e-06,68.46738,1.0201404,0.0,1.0148764,0.0,306.5821,0.0,23.88889,23.88889,1
6,12,3,0,23.888895,6.3902794e-06,68.35755,0.9912532,0.0,1.1130469,0.0,294.44696,0.0,23.88889,23.88889,1
6,13,3,0,23.888895,6.336003e-06,68.29322,0.99097216,0.0,1.2504554,0.0,357.13696,0.0,23.88889,23.88889,1
6,14,3,0,23.888897,8.722277e-06,68.23045,1.0173473,0.0,1.4988582,0.0,375.67822,1.0,23.88889,23.88889,1
6,15,3,0,23.8889,1.2045569e-05,68.17233,0.94176084,0.0,1.6752522,0.0,362.42764,1.0,23.88889,23.88889,1
6,16,3,0,23.888903,1.4268916e-05,68.08623,0.7041002,0.0,1.659338,0.0,295.70227,0.0,23.88889,23.88889,1
6,17,3,0,23.888899,1.0479495e-05,68.00819,0.7792402,0.0,1.7181277,0.0,184.83177,1.0,23.88889,23.88889,1
6,18,3,0,24.158709,-0.007957728,66.92991,0.74361974,0.7736636,2.388846,0.0,124.749504,1.0,24.166666,24.166666,1
6,19,3,0,23.893414,0.004525449,67.747635,0.97793716,0.0,1.8601975,0.0,47.804607,2.0,23.88889,23.88889,1
6,20,3,0,23.888968,7.947527e-05,67.519394,0.98111206,0.0,1.592824,0.0,0.39472076,2.0,23.88889,23.88889,1
6,21,3,0,23.888916,2.6382895e-05,66.956276,1.0705605,0.6380502,1.5215411,0.0,0.0,2.0,23.88889,23.88889,1
6,22,3,0,23.888897,8.816738e-06,66.277596,1.190019,1.5715921,3.287156,0.0,0.0,2.0,23.88889,23.88889,1
6,23,3,0,23.888895,6.9144335e-06,66.00151,1.1012728,0.8184575,1.6744459,0.0,0.0,2.0,23.88889,23.88889,1
6,24,3,0,24.434486,-0.009957857,64.01822,0.42674518,0.2384484,0.5289722,0.0,0.0,2.0,24.444445,24.444445,1
6,1,4,0,24.444162,-0.00028300632,63.97595,0.4220805,0.0,0.42268252,0.0,0.0,2.0,24.444445,24.444445,1
6,2,4,0,24.444448,4.3278687e-06,63.98224,0.41900185,0.0,0.38837597,0.0,0.0,2.0,24.444445,24.444445,1
6,3,4,0,24.44445,6.1271267e-06,64.02518,0.41660294,0.0,0.38501018,0.0,0.0,2.0,24.444445,24.444445,1
6,4,4,0,24.44446,1.5239e-05,63.824635,0.3971552,0.9598012,1.5004368,0.0,0.0,2.0,24.444445,24.444445,1
6,5,4,0,24.44445,5.615094e-06,64.24618,0.41766235,0.0,0.45197102,0.0,0.0,2.0,24.444445,24.444445,1
6,6,4,0,24.44445,6.05069e-06,64.618286,0.5277521,0.0,0.34602574,0.0,0.0,2.0,24.444445,24.444445,1
6,7,4,0,24.444448,3.9950696e-06,64.5903,0.7979006,0.0,0.56872433,0.0,30.82568,2.0,24.444445,24.444445,1
6,8,4,0,24.44445,5.5837095e-06,64.15881,0.62261087,1.7406644,2.4900496,0.0,119.45148,0.0,24.444445,24.444445,1
6,9,4,0,23.94809,0.003644331,65.80158,0.8161562,0.21180962,1.6176088,0.0,271.0323,0.0,23.944445,23.944445,1
6,10,4,0,23.889029,0.00013933574,65.75265,0.993199,0.0,1.6501073,0.0,437.47446,0.0,23.88889,23.88889,1
6,11,4,0,23.888893,3.826253e-06,65.437386,1.0201404,0.0,1.8694627,0.0,507.92917,0.0,23.88889,23.88889,1
6,12,4,0,23.888893,4.75479e-06,65.03949,0.9912532,0.4236183,2.2920542,0.0,502.34076,0.0,23.88889,23.88889,1
6,13,4,0,23.888895,6.3999155e-06,64.57596,0.99097216,0.0,2.6520267,0.0,557.5351,0.0,23.88889,23.88889,1
6,14,4,0,23.888897,8.399941e-06,64.07746,0.8463095,0.0,3.0317984,0.0,560.4181,0.0,23.88889,23.88889,1
6,15,4,0,23.888899,9.924225e-06,63.563984,0.7742047,0.0,3.451469,0.0,512.82245,0.0,23.88889,23.88889,1
6,16,4,0,23.889095,0.00020628705,62.49043,0.7041002,0.0,3.766112,0.0,443.26102,0.0,23.88889,23.88889,1
6,17,4,0,23.888903,1.3118022e-05,61.99694,0.59642774,0.0,3.844552,0.0,337.9091,0.0,23.88889,23.88889,1
6,18,4,0,24.43853,-0.005914245,59.77357,0.74361974,0.0,3.3900256,0.0,199.80879,1.0,24.444445,24.444445,1
6,19,4,0,24.444399,-4.5028282e-05,59.516052,0.75387216,0.0,2.7783864,0.0,68.31157,1.0,24.444445,24.444445,1
6,20,4,0,24.444448,3.74236e-06,59.393112,0.7263815,0.0,2.2804005,0.0,2.586396,1.0,24.444445,24.444445,1
6,21,4,0,24.444448,4.427155e-06,59.307205,1.0705605,0.0,2.1724453,0.0,0.0,2.0,24.444445,24.444445,1
6,22,4,0,24.444448,4.8759675e-06,59.2946,0.81653184,0.2118095,1.9358656,0.0,0.0,2.0,24.444445,24.444445,1
6,23,4,0,24.44445,5.222196e-06,59.366676,0.4359811,0.21180932,1.5411272,0.0,0.0,2.0,24.444445,24.444445,1
6,24,4,0,23.957119,0.012673969,61.088604,0.42674518,0.0,1.7349205,0.0,0.0,2.0,23.944445,23.944445,1
6,1,5,0,24.441946,-0.0024985778,59.519585,0.4220805,0.0,0.92642015,0.0,0.0,2.0,24.444445,24.444445,1
6,2,5,0,24.444399,-4.5717283e-05,59.667484,0.41900185,0.0,0.77138937,0.0,0.0,2.0,24.444445,24.444445,1
6,3,5,0,24.444431,-1.2646265e-05,60.03006,0.41660294,0.0,0.68722785,0.0,0.0,2.0,24.444445,24.444445,1
6,4,5,0,24.444427,-1.6274878e-05,60.369564,0.41882977,0.0,0.6073249,0.0,0.0,2.0,24.444445,24.444445,1
6,5,5,0,24.444448,4.2148367e-06,60.766212,0.43516034,0.0,0.48376086,0.0,0.0,2.0,24.444445,24.444445,1
6,6,5,0,24.444422,-2.2200398e-05,61.391636,0.5277521,0.0,0.46429068,0.0,0.0,2.0,24.444445,24.444445,1
6,7,5,0,24.44445,6.7902884e-06,61.75251,8.035236,0.25974184,1.4274228,0.0,18.383787,2.0,24.444445,24.444445,1
6,8,5,0,24.444448,4.3062983e-06,61.781757,0.8164316,0.0,1.2183245,0.0,101.64794,1.0,24.444445,24.444445,1
6,9,5,0,24.444448,4.057766e-06,61.420166,1.0114818,1.2273012,2.8914638,0.0,281.51166,1.0,24.444445,24.444445,1
6,10,5,0,24.444458,1.30180215e-05,60.69207,0.993199,0.63284445,1.9928777,0.0,449.0035,0.0,24.444445,24.444445,1
6,11,5,0,24.444448,3.4444022e-06,60.2615,1.0201404,0.0,1.9966288,0.0,570.44836,0.0,24.444445,24.444445,1
6,12,5,0,24.444448,3.7586992e-06,59.76828,0.9912532,0.21094947,2.2931113,0.0,651.874,0.0,24.444445,24.444445,1
6,13,5,0,24.444448,4.584972e-06,59.246735,0.99097216,0.0,2.6507447,0.0,663.95825,0.0,24.444445,24.444445,1
6,14,5,0,24.44445,6.0865964e-06,58.737743,0.8463095,0.0,3.061553,0.0,660.3872,0.0,24.444445,24.444445,1
6,15,5,0,24.444452,8.448383e-06,58.29527,0.94176084,0.0,3.6644194,0.0,620.0116,1.0,24.444445,24.444445,1
6,16,5,0,24.444452,8.306517e-06,57.924862,1.0532166,0.0,4.286244,0.0,549.10004,2.0,24.444445,24.444445,1
6,17,5,0,24.068937,0.013381215,58.78637,0.7792402,0.0,5.0560174,0.0,435.95758,1.0,24.055555,24.055555,1
6,18,5,0,24.440084,-0.0043595517,57.436886,0.74361974,0.0,4.7166348,0.0,270.17218,1.0,24.444445,24.444445,1
6,19,5,0,24.060587,0.0050316416,58.632088,0.75387216,0.0,4.3690205,0.0,86.32905,1.0,24.055555,24.055555,1
6,20,5,0,23.89102,0.0021308174,59.257496,1.2003145,0.6328424,4.501042,0.0,0.26221997,2.0,23.88889,23.88889,1
6,21,5,0,23.888916,2.7147606e-05,59.248493,1.0705605,0.0,3.5719898,0.0,0.0,2.0,23.88889,23.88889,1
6,22,5,0,23.888895,6.1477717e-06,59.33668,1.190019,0.21094914,3.0153668,0.0,0.0,2.0,23.88889,23.88889,1
6,23,5,0,24.272804,-0.004974113,58.269993,0.7095415,0.0,1.9482023,0.0,0.0,2.0,24.277779,24.277779,1
6,24,5,0,24.441082,-0.0033616764,58.014374,0.42674518,0.0,1.3440496,0.0,0.0,2.0,24.444445,24.444445,1
6,1,6,0,24.444353,-9.191489e-05,58.681496,0.4220805,0.0,1.1341964,0.0,0.0,2.0,24.444445,24.444445,1
6,2,6,0,24.444448,3.9924003e-06,58.86699,0.41900185,0.0,0.9843185,0.0,0.0,2.0,24.444445,24.444445,1
6,3,6,0,24.444427,-1.76363e-05,59.45657,0.41660294,0.0,0.85174024,0.0,0.0,2.0,24.444445,24.444445,1
6,4,6,0,24.44441,-3.4517358e-05,59.989685,0.41882977,0.0,0.73500335,0.0,0.0,2.0,24.444445,24.444445,1
6,5,6,0,24.444448,4.411701e-06,60.380352,0.43516034,0.0,0.6220719,0.0,0.0,2.0,24.444445,24.444445,1
6,6,6,0,24.444414,-3.0292142e-05,61.11356,0.4998095,0.0,0.5679941,0.0,0.0,2.0,24.444445,24.444445,1
6,7,6,0,24.444448,4.5076454e-06,61.349354,0.52956533,0.0,0.76743555,0.0,32.388664,2.0,24.444445,24.444445,1
6,8,6,0,24.44445,5.735447e-06,61.427143,0.8164316,1.0005805,2.435523,0.0,125.44257,2.0,24.444445,24.444445,1
6,9,6,0,24.444448,4.271246e-06,61.475838,1.0114818,0.0,1.8440266,0.0,308.0694,2.0,24.444445,24.444445,1
6,10,6,0,24.444448,3.7596283e-06,61.344997,1.3666495,0.0,2.0929825,0.0,470.61505,2.0,24.444445,24.444445,1
6,11,6,0,24.444448,4.187995e-06,61.089176,1.3814315,0.0,2.4754074,0.0,588.76514,2.0,24.444445,24.444445,1
6,12,6,0,24.444448,4.4653007e-06,60.750416,1.3423821,0.21010996,2.9637334,0.0,662.4086,2.0,24.444445,24.444445,1
6,13,6,0,24.119228,0.008118126,61.434353,1.336626,0.63032097,3.9080665,0.0,693.638,2.0,24.11111,24.11111,1
6,14,6,0,23.906998,0.018109096,61.640522,1.1883852,0.0,4.637308,0.0,703.6283,2.0,23.88889,23.88889,1
6,15,6,0,23.89121,0.0023225178,61.344727,1.3285193,0.0,5.5045257,0.0,667.73865,2.0,23.88889,23.88889,1
6,16,6,0,23.889088,0.00019861247,60.78717,1.0532166,0.42021164,5.5562763,0.0,579.57733,2.0,23.88889,23.88889,1
6,17,6,0,23.8889,1.2138461e-05,60.33201,0.9620526,0.6303113,5.481074,0.0,452.24805,2.0,23.88889,23.88889,1
6,18,6,0,24.326385,-0.006947444,58.709244,0.74361974,0.21010987,4.476237,0.0,251.41524,1.0,24.333334,24.333334,1
6,19,6,0,23.897999,0.009109042,59.996777,0.75387216,0.84041876,4.207748,0.0,71.36892,1.0,23.88889,23.88889,1
6,20,6,0,23.889008,0.00011825945,60.03394,0.7263815,0.0,3.4530828,0.0,-0.0,1.0,23.88889,23.88889,1
6,21,6,0,23.888895,6.823323e-06,60.166916,0.76065475,0.0,2.824417,0.0,0.0,1.0,23.88889,23.88889,1
6,22,6,0,23.888895,6.3663697e-06,60.406902,0.81653184,0.0,2.456616,0.0,0.0,2.0,23.88889,23.88889,1
6,23,6,0,23.888895,6.767539e-06,60.64941,0.7095415,0.0,2.0819101,0.0,0.0,2.0,23.88889,23.88889,1
6,24,6,0,23.997282,-0.0027184687,60.540993,0.42674518,0.0,1.5645081,0.0,0.0,2.0,24.0,24.0,1
6,1,7,0,23.893042,0.0041528093,61.172817,0.4220805,0.0,1.4279261,0.0,0.0,2.0,23.88889,23.88889,1
6,2,7,0,23.88899,0.00010163473,61.780746,0.41900185,0.0,1.2617632,0.0,0.0,2.0,23.88889,23.88889,1
6,3,7,0,23.888903,1.3949328e-05,61.987488,0.41660294,0.0,1.1196715,0.0,0.0,2.0,23.88889,23.88889,1
6,4,7,0,23.888845,-4.3979664e-05,62.627506,0.41882977,0.0,1.0026058,0.0,0.0,2.0,23.88889,23.88889,1
6,5,7,0,23.888773,-0.00011546435,63.44288,0.43516034,0.0,0.92874986,0.0,0.0,2.0,23.88889,23.88889,1
6,6,7,0,23.888897,7.688033e-06,64.154686,0.4998095,0.0,0.82853746,0.0,0.0,2.0,23.88889,23.88889,1
6,7,7,0,24.161821,-0.0048460006,63.401104,0.52956533,0.0,0.7571572,0.0,30.891233,2.0,24.166666,24.166666,1
6,8,7,0,24.443216,-0.0012282939,62.727173,0.8164316,0.0,1.0176259,0.0,125.61451,2.0,24.444445,24.444445,1
6,9,7,0,24.444443,-2.2377399e-06,62.93209,1.2068071,0.0,1.555993,0.0,309.88092,2.0,24.444445,24.444445,1
6,10,7,0,24.114008,0.002897737,64.13135,1.3666495,0.0,2.301968,0.0,472.48373,2.0,24.11111,24.11111,1
6,11,7,0,23.891464,0.0025758857,64.7397,1.3814315,0.0,2.9276803,0.0,597.68976,2.0,23.88889,23.88889,1
6,12,7,0,23.888927,3.843398e-05,64.38114,1.3423821,0.0,3.2582889,0.0,673.27545,2.0,23.88889,23.88889,1
6,13,7,0,23.888895,6.145543e-06,63.909218,1.336626,0.0,3.6847014,0.0,683.6127,2.0,23.88889,23.88889,1
6,14,7,0,23.888895,6.589138e-06,63.38635,1.0173473,0.0,4.0808325,0.0,643.07007,2.0,23.88889,23.88889,1
6,15,7,0,23.888897,7.121787e-06,62.899597,0.94176084,0.0,4.4916425,0.0,648.73883,2.0,23.88889,23.88889,1
6,16,7,0,23.889114,0.00022603906,61.92808,1.0532166,0.0,4.8871007,0.0,554.597,2.0,23.88889,23.88889,1
6,17,7,0,23.888903,1.3463681e-05,61.666695,2.7816794,0.0,5.630094,0.0,417.80612,1.0,23.88889,23.88889,1
6,18,7,0,23.72614,0.00391676,61.84609,0.74361974,0.20929141,5.3047433,0.0,257.43277,1.0,23.722221,23.722221,1
6,19,7,0,23.341307,0.007974254,62.861244,0.97793716,0.4185798,4.9730797,0.0,85.40429,2.0,23.333334,23.333334,1
6,20,7,0,23.553005,-0.0025499496,61.551373,0.98111206,0.0,3.735726,0.0,2.101929,2.0,23.555555,23.555555,1
6,21,7,0,23.885084,-0.0038043933,60.53137,1.0705605,0.0,2.6547563,0.0,0.0,2.0,23.88889,23.88889,1
6,22,7,0,23.88882,-6.9169764e-05,60.697956,1.2179998,0.24451816,2.3473704,0.0,0.0,2.0,23.88889,23.88889,1
6,23,7,0,23.888895,5.6749313e-06,60.91272,0.7095415,0.2508467,1.9427679,0.0,0.0,2.0,23.88889,23.88889,1
6,24,7,0,23.99739,-0.0026091773,60.79591,0.526549,0.0,1.4832435,0.0,0.0,2.0,24.0,24.0,1
6,1,1,0,23.892908,0.004018879,61.41436,0.45272377,0.0,1.3592256,0.0,0.0,2.0,23.88889,23.88889,1
6,2,1,0,23.889126,0.00023702667,61.66794,0.41900185,0.0,1.2049387,0.0,0.0,2.0,23.88889,23.88889,1
6,3,1,0,23.888842,-4.6334102e-05,62.25824,0.41660294,0.0,1.0782788,0.0,0.0,2.0,23.88889,23.88889,1
6,4,1,0,24.322994,-0.0103387395,61.38534,0.41882977,0.0,0.6200208,0.0,0.0,2.0,24.333334,24.333334,1
6,5,1,0,24.435347,-0.009098716,62.02576,0.43516034,0.0,0.62123525,0.0,0.0,2.0,24.444445,24.444445,1
6,6,1,0,24.443777,-0.00066732144,62.9238,0.4998095,0.0,0.5423481,0.0,0.0,2.0,24.444445,24.444445,1
6,7,1,0,24.444435,-9.521635e-06,63.09554,0.7979006,0.0,0.76326895,0.0,18.36501,2.0,24.444445,24.444445,1
6,8,1,0,24.281454,0.003675642,63.9134,0.8164316,0.0,1.0705329,0.0,80.5474,1.0,24.277779,24.277779,1
6,9,1,0,23.894026,0.0051373485,65.40936,1.0114818,0.0,1.6702373,0.0,201.26561,1.0,23.88889,23.88889,1
6,10,1,0,23.88894,5.2246167e-05,65.31376,1.1799242,0.0,1.8703744,0.0,375.1985,1.0,23.88889,23.88889,1
6,11,1,0,23.888893,5.0354115e-06,65.096855,1.0201404,0.0,1.9355453,0.0,458.26807,0.0,23.88889,23.88889,1
6,12,1,0,23.888895,5.3061285e-06,64.76403,0.9912532,0.41698626,2.2507474,0.0,503.7369,0.0,23.88889,23.88889,1
6,13,1,0,23.888895,6.258116e-06,64.33547,0.99097216,0.208494,2.5865984,0.0,553.44696,0.0,23.88889,23.88889,1
6,14,1,0,23.888899,9.21713e-06,63.88805,0.8463095,0.0,2.8772535,0.0,508.7788,0.0,23.88889,23.88889,1
6,15,1,0,23.8889,1.1520759e-05,63.456993,0.7742047,0.0,3.184651,0.0,491.46216,0.0,23.88889,23.88889,1
6,16,1,0,23.889153,0.00026307785,62.52774,0.7041002,0.0,3.3693879,0.0,425.0689,0.0,23.88889,23.88889,1
6,17,1,0,23.888912,2.2655244e-05,62.191505,0.7792402,0.0,3.5032191,0.0,331.69382,1.0,23.88889,23.88889,1
6,18,1,0,24.431656,-0.012787995,60.319187,0.96282214,0.0,3.2823012,0.0,211.36584,1.0,24.444445,24.444445,1
6,19,1,0,24.009335,0.009335201,61.769,0.97307456,0.0,3.4686933,0.0,69.43141,1.0,24.0,24.0,1
6,20,1,0,23.890835,0.0019449877,62.12951,1.2003145,0.0,3.4424694,0.0,2.3853204,2.0,23.88889,23.88889,1
6,21,1,0,23.888927,3.7659393e-05,61.877697,1.0997875,0.0,2.7624066,0.0,0.0,2.0,23.88889,23.88889,1
6,22,1,0,23.888897,7.501953e-06,61.88208,0.81653184,0.0,2.197589,0.0,0.0,2.0,23.88889,23.88889,1
6,23,1,0,23.888897,7.344036e-06,61.963184,0.7095415,0.0,1.8240561,0.0,0.0,2.0,23.88889,23.88889,1
6,24,1,0,24.439665,-0.0047793956,60.23483,0.42674518,0.0,0.9128003,0.0,0.0,2.0,24.444445,24.444445,1
6,1,2,0,24.44426,-0.00018509154,60.41702,0.4220805,0.0,0.8094744,0.0,0.0,2.0,24.444445,24.444445,1
6,2,2,0,24.444408,-3.6423833e-05,60.83758,0.41900185,0.0,0.7545401,0.0,0.0,2.0,24.444445,24.444445,1
6,3,2,0,24.444407,-3.8774942e-05,61.147797,0.41660294,0.0,0.70648456,0.0,0.0,2.0,24.444445,24.444445,1
6,4,2,0,24.444426,-1.8550209e-05,61.363365,0.41882977,0.0,0.6553553,0.0,0.0,2.0,24.444445,24.444445,1
6,5,2,0,24.444452,7.1338413e-06,61.95491,0.43516034,0.0,0.61152345,0.0,0.0,2.0,24.444445,24.444445,1
6,6,2,0,24.444452,7.5243447e-06,62.351406,0.5277521,0.0,0.5744926,0.0,0.0,2.0,24.444445,24.444445,1
6,7,2,0,24.44445,5.5768264e-06,62.436665,0.52956533,0.0,0.6634815,0.0,24.604856,1.0,24.444445,24.444445,1
6,8,2,0,24.444448,3.9975416e-06,62.60092,0.62261087,0.0,0.91357815,0.0,116.54879,1.0,24.444445,24.444445,1
6,9,2,0,24.444448,4.055431e-06,62.81718,1.2014571,0.0,1.6100653,0.0,296.78217,1.0,24.444445,24.444445,1
6,10,2,0,24.444448,3.9890388e-06,62.673275,1.1799242,1.0385525,1.7757676,0.0,436.87558,1.0,24.444445,24.444445,1
6,11,2,0,24.00373,0.0037300014,63.91643,1.0201404,0.0,2.3289652,0.0,559.4499,0.0,24.0,24.0,1
6,12,2,0,23.890036,0.0011467806,63.817547,0.9912532,0.0,2.7180536,0.0,612.01556,0.0,23.88889,23.88889,1
6,13,2,0,23.888912,2.2833621e-05,63.218033,1.4907396,0.21237715,3.2687533,0.0,609.23773,1.0,23.88889,23.88889,1
6,14,2,0,23.888897,8.200406e-06,62.614746,1.3442879,0.15102963,3.5737553,0.0,600.74646,1.0,23.88889,23.88889,1
6,15,2,0,23.888899,9.022453e-06,62.02847,0.94176084,0.23384504,3.7907116,0.0,588.67346,1.0,23.88889,23.88889,1
6,16,2,0,23.888899,9.806933e-06,61.475872,0.87865835,0.0,4.0205755,0.0,524.2756,1.0,23.88889,23.88889,1
6,17,2,0,23.888897,7.613407e-06,60.85577,0.59642774,0.0,4.039361,0.0,420.46933,0.0,23.88889,23.88889,1
6,18,2,0,24.432384,-0.01205926,58.733776,1.1505651,0.20771796,4.055868,0.0,256.5429,2.0,24.444445,24.444445,1
6,19,2,0,24.444319,-0.00012642946,58.34737,0.75387216,0.2077182,3.1412306,0.0,75.4278,1.0,24.444445,24.444445,1
6,20,2,0,24.224424,0.0022028962,58.84793,0.7263815,0.0,2.8451717,0.0,1.3163623,1.0,24.222221,24.222221,1
6,21,2,0,23.893356,0.0044665383,59.774567,1.0705605,0.0,3.1214,0.0,0.0,2.0,23.88889,23.88889,1
6,22,2,0,23.888958,6.891345e-05,59.699512,0.81653184,0.0,2.6998975,0.0,0.0,2.0,23.88889,23.88889,1
6,23,2,0,23.888897,8.619489e-06,59.586914,0.7095415,0.8271046,3.2699742,0.0,0.0,2.0,23.88889,23.88889,1
6,24,2,0,24.44078,-0.003663247,57.70997,0.526549,0.20771757,1.407789,0.0,0.0,2.0,24.444445,24.444445,1
6,1,3,0,24.444344,-0.00010135274,57.9094,0.45272377,1.0348202,1.1486852,0.0,0.0,2.0,24.444445,24.444445,1
6,2,3,0,24.44442,-2.4048642e-05,58.319515,0.41699478,0.0,0.9214906,0.0,0.0,2.0,24.444445,24.444445,1
6,3,3,0,24.44442,-2.392946e-05,58.690346,0.3982707,0.0,0.7975854,0.0,0.0,2.0,24.444445,24.444445,1
6,4,3,0,24.444427,-1.716798e-05,59.035725,0.41882977,0.0,0.70792747,0.0,0.0,2.0,24.444445,24.444445,1
6,5,3,0,24.444448,4.720163e-06,59.45549,0.41766235,0.0,0.5999171,0.0,0.0,2.0,24.444445,24.444445,1
6,6,3,0,24.444437,-7.677113e-06,59.78625,0.5277521,1.9213382,2.9169166,0.0,0.0,2.0,24.444445,24.444445,1
6,7,3,0,24.444397,-4.7479105e-05,59.83317,0.66373295,0.0,1.1732002,0.0,27.552671,2.0,24.444445,24.444445,1
6,8,3,0,24.444448,3.613371e-06,59.981564,0.8164316,0.0,1.2428682,0.0,120.16634,1.0,24.444445,24.444445,1
6,9,3,0,24.444448,3.9512324e-06,59.847557,1.0114818,0.6935061,2.3755352,0.0,303.7146,1.0,24.444445,24.444445,1
6,10,3,0,24.444448,3.678974e-06,59.6506,1.1799242,0.62088877,2.057568,0.0,466.28967,1.0,24.444445,24.444445,1
6,11,3,0,24.444448,3.3844344e-06,59.334743,1.0201404,0.0,2.0716436,0.0,582.33826,0.0,24.444445,24.444445,1
6,12,3,0,24.444448,3.735464e-06,58.922054,0.9912532,0.0,2.3411567,0.0,651.78174,0.0,24.444445,24.444445,1
6,13,3,0,24.444448,4.5241354e-06,58.43648,0.99097216,0.20696399,2.712461,0.0,678.49915,0.0,24.444445,24.444445,1
6,14,3,0,24.44445,5.982228e-06,57.903496,0.8463095,0.0,3.0719545,0.0,686.18884,0.0,24.444445,24.444445,1
6,15,3,0,24.444452,8.467464e-06,57.37578,0.7742047,0.0,3.518836,0.0,653.4975,0.0,24.444445,24.444445,1
6,16,3,0,24.444454,1.0154741e-05,56.905525,0.7041002,0.0,3.9458117,0.0,569.4669,0.0,24.444445,24.444445,1
6,17,3,0,24.44445,6.694171e-06,56.360107,0.59642774,0.0,4.259232,0.0,449.2614,0.0,24.444445,24.444445,1
6,18,3,0,24.444448,4.231392e-06,55.835773,0.74361974,0.0,4.686235,0.0,282.96228,1.0,24.444445,24.444445,1
6,19,3,0,24.444448,3.834183e-06,55.469917,0.97793716,0.0,4.23256,0.0,90.81556,2.0,24.444445,24.444445,1
6,20,3,0,24.444448,3.1215486e-06,55.413727,8.218448,0.22564995,4.545205,0.0,0.38918272,2.0,24.444445,24.444445,1
6,21,3,0,24.444448,4.1242365e-06,55.348442,1.0705605,0.16267952,3.3958366,0.0,0.0,2.0,24.444445,24.444445,1
6,22,3,0,24.44445,5.5468654e-06,55.438908,1.190019,0.0,2.8134716,0.0,0.0,2.0,24.444445,24.444445,1
6,23,3,0,24.44445,5.799874e-06,55.619816,0.7095415,0.0,2.2404032,0.0,0.0,2.0,24.444445,24.444445,1
6,24,3,0,24.44445,6.5903723e-06,55.82997,0.526549,0.0,1.7951158,0.0,0.0,2.0,24.444445,24.444445,1
6,1,4,0,24.44445,6.78998e-06,56.045914,0.45272377,0.0,1.4687576,0.0,0.0,2.0,24.444445,24.444445,1
6,2,4,0,24.444427,-1.7372407e-05,56.51999,0.41900185,0.0,1.2228585,0.0,0.0,2.0,24.444445,24.444445,1
6,3,4,0,24.44445,5.8716e-06,56.651176,0.41660294,0.0,1.0380243,0.0,0.0,2.0,24.444445,24.444445,1
6,4,4,0,24.444435,-8.9726445e-06,57.042694,0.41882977,0.0,0.8908428,0.0,0.0,2.0,24.444445,24.444445,1
6,5,4,0,24.444399,-4.5107405e-05,57.736675,0.43516034,0.0,0.75436884,0.0,0.0,2.0,24.444445,24.444445,1
6,6,4,0,24.444448,4.3817686e-06,57.81694,0.4998095,0.0,0.6939524,0.0,0.0,2.0,24.444445,24.444445,1
6,7,4,0,24.44445,5.888525e-06,58.25094,0.8683219,0.0,1.3231062,0.0,26.81466,1.0,24.444445,24.444445,1
6,8,4,0,24.444448,4.6760997e-06,58.363724,1.143372,0.3177567,1.551598,0.0,113.60788,1.0,24.444445,24.444445,1
6,9,4,0,24.444448,3.962638e-06,58.15972,1.0114818,3.9691806,2.6825957,0.0,300.5997,1.0,24.444445,24.444445,1
6,10,4,0,24.444448,3.6261692e-06,57.769432,1.1799242,5.6845794,3.5442297,0.0,460.32346,1.0,24.444445,24.444445,1
6,11,4,0,24.44446,1.6052576e-05,57.09388,1.200786,0.9608342,3.86781,0.0,571.1945,1.0,24.444445,24.444445,1
6,12,4,0,24.444448,4.2174174e-06,56.830723,1.1668177,0.0,3.1397219,0.0,634.88763,1.0,24.444445,24.444445,1
6,13,4,0,24.444448,4.5828892e-06,56.50425,0.99097216,0.27263644,3.5576017,0.0,662.05145,0.0,24.444445,24.444445,1
6,14,4,0,24.1768,0.010133413,57.03297,0.8463095,0.82487804,4.097915,0.0,634.99194,0.0,24.166666,24.166666,1
6,15,4,0,23.92068,0.031789273,57.464355,0.7742047,0.0,4.8010187,0.0,634.55414,0.0,23.88889,23.88889,1
6,16,4,0,23.89264,0.0037494863,56.68327,0.7041002,0.0,5.1942334,0.0,534.0368,0.0,23.88889,23.88889,1
6,17,4,0,23.889048,0.00015954311,56.301594,0.7792402,0.0,5.407229,0.0,419.01218,1.0,23.88889,23.88889,1
6,18,4,0,24.436163,-0.008282192,54.320972,0.74361974,0.0,4.7250333,0.0,268.39014,1.0,24.444445,24.444445,1
6,19,4,0,24.444342,-0.000103116836,54.224415,0.75387216,0.0,3.984728,0.0,89.340485,1.0,24.444445,24.444445,1
6,20,4,0,24.444448,3.2629314e-06,54.27197,1.4008242,0.22528602,3.6738703,0.0,0.7711539,2.0,24.444445,24.444445,1
6,21,4,0,24.444448,4.7908434e-06,54.43045,0.76065475,0.29777053,2.9718602,0.0,0.0,2.0,24.444445,24.444445,1
6,22,4,0,24.44445,5.3191184e-06,54.873882,8.399374,0.56719035,3.59351,0.0,0.0,2.0,24.444445,24.444445,1
6,23,4,0,24.44445,5.921253e-06,55.05578,1.4376101,0.19853267,2.6018867,0.0,0.0,2.0,24.444445,24.444445,1
6,24,4,0,24.44445,6.6630673e-06,55.328465,0.526549,0.0,1.9109112,0.0,0.0,2.0,24.444445,24.444445,1
6,1,5,0,24.44445,6.766617e-06,55.607613,0.4220805,0.0,1.4995259,0.0,0.0,2.0,24.444445,24.444445,1
6,2,5,0,24.444452,7.133491e-06,55.87335,0.41900185,0.0,1.2510121,0.0,0.0,2.0,24.444445,24.444445,1
6,3,5,0,24.44441,-3.4322424e-05,56.485863,0.41660294,0.0,1.0811391,0.0,0.0,2.0,24.444445,24.444445,1
6,4,5,0,24.44445,5.5612645e-06,56.672047,0.41882977,0.0,0.9559316,0.0,0.0,2.0,24.444445,24.444445,1
6,5,5,0,24.444368,-7.5784075e-05,57.570175,0.43516034,0.0,0.86402994,0.0,0.0,2.0,24.444445,24.444445,1
6,6,5,0,24.444353,-9.162106e-05,58.390903,0.4998095,0.0,0.7706611,0.0,0.0,2.0,24.444445,24.444445,1
6,7,5,0,24.444448,3.981178e-06,58.611546,0.52956533,0.0,0.98243284,0.0,24.12181,2.0,24.444445,24.444445,1
6,8,5,0,24.444448,4.5253446e-06,58.864204,0.8164316,0.0,1.4102393,0.0,97.33522,2.0,24.444445,24.444445,1
6,9,5,0,24.444448,4.0014056e-06,59.006973,0.8161562,0.0,1.6748697,0.0,248.31985,1.0,24.444445,24.444445,1
6,10,5,0,24.444448,4.1133417e-06,59.055256,0.993199,0.0,2.0131688,0.0,371.2275,1.0,24.444445,24.444445,1
6,11,5,0,24.444448,4.4802673e-06,59.073425,1.200786,0.0,2.4541678,0.0,538.7006,1.0,24.444445,24.444445,1
6,12,5,0,24.444456,1.2438129e-05,58.757637,1.1668177,1.6727439,4.59356,0.0,581.5148,1.0,24.444445,24.444445,1
6,13,5,0,24.44445,5.7703833e-06,58.482414,1.1637992,0.13254696,4.079501,0.0,663.4187,1.0,24.444445,24.444445,1
6,14,5,0,24.444475,3.0732714e-05,57.99607,0.8463095,0.0,3.983433,0.0,658.9463,0.0,24.444445,24.444445,1
6,15,5,0,24.444454,1.0464931e-05,57.76433,0.7742047,0.20551962,4.3500843,0.0,598.0278,0.0,24.444445,24.444445,1
6,16,5,0,24.444452,8.703117e-06,57.502785,0.7041002,0.4110388,4.696617,0.0,554.82324,0.0,24.444445,24.444445,1
6,17,5,0,24.44445,5.5749065e-06,57.182682,0.59642774,0.0,4.814019,0.0,418.63193,0.0,24.444445,24.444445,1
6,18,5,0,24.444448,4.12283e-06,56.987686,0.74361974,0.0,4.9276133,0.0,248.57393,1.0,24.444445,24.444445,1
6,19,5,0,24.444448,3.2261958e-06,56.971024,7.963227,0.2635617,5.1642084,0.0,82.75436,1.0,24.444445,24.444445,1
6,20,5,0,24.444448,4.24372e-06,56.904957,0.7263815,0.18372211,3.71152,0.0,2.006613,1.0,24.444445,24.444445,1
6,21,5,0,24.44445,5.592453e-06,57.00537,0.76065475,0.0,2.9306147,0.0,0.0,2.0,24.444445,24.444445,1
6,22,5,0,24.44445,6.026517e-06,57.210613,0.81653184,0.0,2.4768035,0.0,0.0,2.0,24.444445,24.444445,1
6,23,5,0,24.44445,6.2673894e-06,57.485657,0.4359811,0.6165493,2.0472162,0.0,0.0,2.0,24.444445,24.444445,1
6,24,5,0,24.444452,7.4041864e-06,57.761356,0.42674518,0.61656404,1.7087855,0.0,0.0,2.0,24.444445,24.444445,1
6,1,6,0,24.444418,-2.6717533e-05,58.3573,0.4220805,0.0,1.3879709,0.0,0.0,2.0,24.444445,24.444445,1
6,2,6,0,24.44445,6.2039985e-06,58.593952,0.41900185,0.0,1.1997924,0.0,0.0,2.0,24.444445,24.444445,1
6,3,6,0,24.444452,7.984076e-06,58.82599,0.41660294,0.0,1.0660288,0.0,0.0,2.0,24.444445,24.444445,1
6,4,6,0,24.444393,-5.2193864e-05,59.430782,0.41882977,0.0,0.9565466,0.0,0.0,2.0,24.444445,24.444445,1
6,5,6,0,24.444452,8.080027e-06,60.326122,0.43516034,0.0,0.89083785,0.0,0.0,2.0,24.444445,24.444445,1
6,6,6,0,24.444452,8.696982e-06,60.992973,0.4998095,0.0,0.7927828,0.0,0.0,2.0,24.444445,24.444445,1
6,7,6,0,24.44445,6.4030355e-06,61.127644,0.52956533,0.0,0.87092906,0.0,29.553322,1.0,24.444445,24.444445,1
6,8,6,0,24.444448,4.725804e-06,61.301857,0.62261087,0.0,1.2021205,0.0,128.61925,1.0,24.444445,24.444445,1
6,9,6,0,24.444448,4.4303642e-06,61.297165,1.0114818,0.0,1.7056482,0.0,296.8945,1.0,24.444445,24.444445,1
6,10,6,0,24.444448,4.0068617e-06,60.949787,0.993199,0.85560656,3.1016319,0.0,457.956,0.0,24.444445,24.444445,1
6,11,6,0,24.444448,4.418702e-06,60.543625,1.200786,0.0,2.8232229,0.0,577.25555,1.0,24.444445,24.444445,1
6,12,6,0,24.444468,2.2333292e-05,59.65198,1.1668177,0.0,3.1987145,0.0,633.0139,1.0,24.444445,24.444445,1
6,13,6,0,24.28205,0.004270821,59.79867,1.5558285,0.0,4.4723415,0.0,672.22577,2.0,24.277779,24.277779,1
6,14,6,0,23.925117,0.03622799,60.388092,1.3491337,0.0,5.6658635,0.0,667.07465,2.0,23.88889,23.88889,1
6,15,6,0,23.893675,0.004786253,59.69424,0.94176084,0.0,5.9529405,0.0,592.0015,1.0,23.88889,23.88889,1
6,16,6,0,23.889923,0.0010346988,58.26307,1.0532166,0.0,6.16869,0.0,479.80234,2.0,23.88889,23.88889,1
6,17,6,0,23.888956,6.7835164e-05,57.771797,0.9620526,0.0,6.0848966,0.0,357.52124,2.0,23.88889,23.88889,1
6,18,6,0,24.427925,-0.016520265,55.830154,1.1651787,0.0,5.5918236,0.0,211.51537,2.0,24.444445,24.444445,1
6,19,6,0,24.444157,-0.0002878201,55.523987,0.97793716,0.40966433,4.482135,0.0,78.32501,2.0,24.444445,24.444445,1
6,20,6,0,24.444447,1.1832352e-06,55.40195,0.98111206,0.0,3.5817747,0.0,2.211529,2.0,24.444445,24.444445,1
6,21,6,0,24.44445,5.135687e-06,55.363644,1.0705605,0.0,2.959194,0.0,0.0,2.0,24.444445,24.444445,1
6,22,6,0,24.44445,5.953268e-06,55.452953,0.81653184,0.20483318,2.4801013,0.0,0.0,2.0,24.444445,24.444445,1
6,23,6,0,24.44445,6.4994097e-06,55.501358,0.7095415,1.7685554,3.5688818,0.0,0.0,2.0,24.444445,24.444445,1
6,24,6,0,24.44444,-3.8519042e-06,55.70667,0.526549,0.0,1.90268,0.0,0.0,2.0,24.444445,24.444445,1
