numero,categoria,observacao_codigo,hora_ermesinde,linha,sentido_fisico,tipo_evento_ermesinde,grupo_plataforma,descricao_dia
15271,U,7,06:24,minho_braga,SB_para_Braga,passagem,linhas_4_5,seg_sex_exceto_feriado
15203,U,7,06:39,minho_braga,SB_para_Braga,passagem,linhas_4_5,seg_sex_exceto_feriado
15151,U,7,06:59,minho_braga,SB_para_Braga,passagem,linhas_4_5,seg_sex_exceto_feriado
15205,U,1,07:34,minho_braga,SB_para_Braga,passagem,linhas_4_5,diario
15207,U,7,07:39,minho_braga,SB_para_Braga,passagem,linhas_4_5,seg_sex_exceto_feriado
15153,U,1,07:59,minho_braga,SB_para_Braga,passagem,linhas_4_5,diario
15209,U,1,08:34,minho_braga,SB_para_Braga,passagem,linhas_4_5,diario
15211,U,7,08:39,minho_braga,SB_para_Braga,passagem,linhas_4_5,seg_sex_exceto_feriado
15155,U,1,09:09,minho_braga,SB_para_Braga,passagem,linhas_4_5,diario
15213,U,1,09:37,minho_braga,SB_para_Braga,passagem,linhas_4_5,diario
15157,U,7,10:09,minho_braga,SB_para_Braga,passagem,linhas_4_5,seg_sex_exceto_feriado
15273,U,1,10:39,minho_braga,SB_para_Braga,passagem,linhas_4_5,diario
15215,U,1,11:04,minho_braga,SB_para_Braga,passagem,linhas_4_5,diario
15159,U,1,11:39,minho_braga,SB_para_Braga,passagem,linhas_4_5,diario
15217,U,1,12:04,minho_braga,SB_para_Braga,passagem,linhas_4_5,diario
15161,U,7,12:34,minho_braga,SB_para_Braga,passagem,linhas_4_5,seg_sex_exceto_feriado
15219,U,1,12:39,minho_braga,SB_para_Braga,passagem,linhas_4_5,diario
15221,U,7,13:04,minho_braga,SB_para_Braga,passagem,linhas_4_5,seg_sex_exceto_feriado
15163,U,1,14:04,minho_braga,SB_para_Braga,passagem,linhas_4_5,diario
15223,U,1,14:39,minho_braga,SB_para_Braga,passagem,linhas_4_5,diario
15225,U,1,15:04,minho_braga,SB_para_Braga,passagem,linhas_4_5,diario
15165,U,1,16:04,minho_braga,SB_para_Braga,passagem,linhas_4_5,diario
15227,U,1,16:34,minho_braga,SB_para_Braga,passagem,linhas_4_5,diario
15167,U,1,16:39,minho_guimaraes,SB_para_Guimaraes,passagem,linhas_4_5,diario
15233,U,1,17:09,minho_braga,SB_para_Braga,passagem,linhas_4_5,diario
15235,U,7,17:34,minho_braga,SB_para_Braga,passagem,linhas_4_5,seg_sex_exceto_feriado
15169,U,7,17:39,minho_guimaraes,SB_para_Guimaraes,passagem,linhas_4_5,seg_sex_exceto_feriado
15237,U,1,18:04,minho_braga,SB_para_Braga,passagem,linhas_4_5,diario
15239,U,7,18:34,minho_braga,SB_para_Braga,passagem,linhas_4_5,seg_sex_exceto_feriado
15171,U,1,18:44,minho_guimaraes,SB_para_Guimaraes,passagem,linhas_4_5,diario
15241,U,1,19:09,minho_braga,SB_para_Braga,passagem,linhas_4_5,diario
15173,U,7,19:27,minho_guimaraes,SB_para_Guimaraes,passagem,linhas_4_5,seg_sex_exceto_feriado
15275,U,1,19:34,minho_braga,SB_para_Braga,passagem,linhas_4_5,diario
15243,U,1,19:39,minho_braga,SB_para_Braga,passagem,linhas_4_5,diario
15175,U,7,20:04,minho_braga,SB_para_Braga,passagem,linhas_4_5,seg_sex_exceto_feriado
15245,U,1,20:39,minho_braga,SB_para_Braga,passagem,linhas_4_5,diario
15177,U,1,21:24,minho_braga,SB_para_Braga,passagem,linhas_4_5,diario
15247,U,1,21:39,minho_braga,SB_para_Braga,passagem,linhas_4_5,diario
15179,U,2,22:04,minho_braga,SB_para_Braga,passagem,linhas_4_5,sab_dom_feriado
15249,U,7,22:22,minho_braga,SB_para_Braga,passagem,linhas_4_5,seg_sex_exceto_feriado
3105,R,1,22:39,minho_braga,SB_para_Braga,passagem,linhas_4_5,diario
15181,U,7,23:29,minho_braga,SB_para_Braga,passagem,linhas_4_5,seg_sex_exceto_feriado
15251,U,1,23:39,minho_braga,SB_para_Braga,passagem,linhas_4_5,diario
15183,U,1,01:09,minho_braga,SB_para_Braga,passagem,linhas_4_5,diario
15200,U,1,05:26,minho_braga,Braga_para_SB,passagem,linhas_4_5,diario
15202,U,37,06:21,minho_braga,Braga_para_SB,passagem,linhas_4_5,seg_sab_exceto_feriado
15150,U,7,06:47,minho_braga,Braga_para_SB,passagem,linhas_4_5,seg_sex_exceto_feriado
15204,U,7,06:57,minho_braga,Braga_para_SB,passagem,linhas_4_5,seg_sex_exceto_feriado
15206,U,1,07:27,minho_braga,Braga_para_SB,passagem,linhas_4_5,diario
15152,U,2,07:47,minho_braga,Braga_para_SB,passagem,linhas_4_5,sab_dom_feriado
15154,U,7,07:49,minho_braga,Braga_para_SB,passagem,linhas_4_5,seg_sex_exceto_feriado
15208,U,7,07:57,minho_braga,Braga_para_SB,passagem,linhas_4_5,seg_sex_exceto_feriado
3000,R,1,08:07,minho_braga,Braga_para_SB,passagem,linhas_4_5,diario
15156,U,7,08:17,minho_braga,Braga_para_SB,passagem,linhas_4_5,seg_sex_exceto_feriado
15210,U,2,08:21,minho_braga,Braga_para_SB,passagem,linhas_4_5,sab_dom_feriado
15212,U,7,08:22,minho_braga,Braga_para_SB,passagem,linhas_4_5,seg_sex_exceto_feriado
15158,U,7,08:49,minho_braga,Braga_para_SB,passagem,linhas_4_5,seg_sex_exceto_feriado
15214,U,1,08:57,minho_braga,Braga_para_SB,passagem,linhas_4_5,diario
15218,U,1,09:26,minho_braga,Braga_para_SB,passagem,linhas_4_5,diario
15160,U,1,09:47,minho_braga,Braga_para_SB,passagem,linhas_4_5,diario
15270,U,1,10:27,minho_braga,Braga_para_SB,passagem,linhas_4_5,diario
15220,U,1,10:52,minho_braga,Braga_para_SB,passagem,linhas_4_5,diario
15162,U,1,11:26,minho_braga,Braga_para_SB,passagem,linhas_4_5,diario
15222,U,1,12:27,minho_braga,Braga_para_SB,passagem,linhas_4_5,diario
15224,U,1,12:47,minho_braga,Braga_para_SB,passagem,linhas_4_5,diario
15164,U,1,13:21,minho_braga,Braga_para_SB,passagem,linhas_4_5,diario
15226,U,1,13:47,minho_braga,Braga_para_SB,passagem,linhas_4_5,diario
15166,U,7,13:57,minho_braga,Braga_para_SB,passagem,linhas_4_5,seg_sex_exceto_feriado
15230,U,1,14:26,minho_braga,Braga_para_SB,passagem,linhas_4_5,diario
15168,U,1,14:47,minho_braga,Braga_para_SB,passagem,linhas_4_5,diario
15232,U,1,15:26,minho_braga,Braga_para_SB,passagem,linhas_4_5,diario
15234,U,1,16:26,minho_braga,Braga_para_SB,passagem,linhas_4_5,diario
15170,U,1,16:47,minho_braga,Braga_para_SB,passagem,linhas_4_5,diario
15236,U,1,17:26,minho_braga,Braga_para_SB,passagem,linhas_4_5,diario
15238,U,7,17:57,minho_braga,Braga_para_SB,passagem,linhas_4_5,seg_sex_exceto_feriado
15172,U,7,18:05,minho_braga,Braga_para_SB,passagem,linhas_4_5,seg_sex_exceto_feriado
15240,U,1,18:37,minho_braga,Braga_para_SB,passagem,linhas_4_5,diario
15174,U,2,18:52,minho_braga,Braga_para_SB,passagem,linhas_4_5,sab_dom_feriado
15242,U,7,18:57,minho_braga,Braga_para_SB,passagem,linhas_4_5,seg_sex_exceto_feriado
15176,U,7,19:13,minho_braga,Braga_para_SB,passagem,linhas_4_5,seg_sex_exceto_feriado
15244,U,1,19:32,minho_braga,Braga_para_SB,passagem,linhas_4_5,diario
15272,U,1,20:21,minho_braga,Braga_para_SB,passagem,linhas_4_5,diario
15178,U,7,20:37,minho_braga,Braga_para_SB,passagem,linhas_4_5,seg_sex_exceto_feriado
15246,U,1,20:47,minho_braga,Braga_para_SB,passagem,linhas_4_5,diario
15180,U,2,21:20,minho_braga,Braga_para_SB,passagem,linhas_4_5,sab_dom_feriado
15182,U,7,21:31,minho_braga,Braga_para_SB,passagem,linhas_4_5,seg_sex_exceto_feriado
15248,U,1,22:31,minho_braga,Braga_para_SB,passagem,linhas_4_5,diario
15250,U,2,22:47,minho_braga,Braga_para_SB,passagem,linhas_4_5,sab_dom_feriado
15184,U,1,23:31,minho_braga,Braga_para_SB,passagem,linhas_4_5,diario
15252,U,7,23:56,minho_braga,Braga_para_SB,passagem,linhas_4_5,seg_sex_exceto_feriado
15186,U,1,00:17,minho_braga,Braga_para_SB,passagem,linhas_4_5,diario
15162,U,1,10:52,minho_guimaraes,Guimaraes_para_SB,passagem,linhas_4_5,diario
15164,U,1,12:47,minho_guimaraes,Guimaraes_para_SB,passagem,linhas_4_5,diario
15166,U,7,13:47,minho_guimaraes,Guimaraes_para_SB,passagem,linhas_4_5,seg_sex_exceto_feriado
15178,U,7,20:21,minho_guimaraes,Guimaraes_para_SB,passagem,linhas_4_5,seg_sex_exceto_feriado
15180,U,2,20:47,minho_guimaraes,Guimaraes_para_SB,passagem,linhas_4_5,sab_dom_feriado
15182,U,7,21:20,minho_guimaraes,Guimaraes_para_SB,passagem,linhas_4_5,seg_sex_exceto_feriado
15184,U,1,22:47,minho_guimaraes,Guimaraes_para_SB,passagem,linhas_4_5,diario
15186,U,1,23:56,minho_guimaraes,Guimaraes_para_SB,passagem,linhas_4_5,diario
15151,U,7,06:39,minho_guimaraes,Guimaraes_para_SB,passagem,linhas_4_5,seg_sex_exceto_feriado
15153,U,1,07:39,minho_guimaraes,Guimaraes_para_SB,passagem,linhas_4_5,diario
15155,U,1,08:39,minho_guimaraes,Guimaraes_para_SB,passagem,linhas_4_5,diario
15157,U,7,09:37,minho_guimaraes,Guimaraes_para_SB,passagem,linhas_4_5,seg_sex_exceto_feriado
15159,U,1,10:39,minho_guimaraes,Guimaraes_para_SB,passagem,linhas_4_5,diario
15161,U,7,11:39,minho_guimaraes,Guimaraes_para_SB,passagem,linhas_4_5,seg_sex_exceto_feriado
15163,U,1,12:39,minho_guimaraes,Guimaraes_para_SB,passagem,linhas_4_5,diario
15165,U,1,14:39,minho_guimaraes,Guimaraes_para_SB,passagem,linhas_4_5,diario
15175,U,7,19:39,minho_guimaraes,Guimaraes_para_SB,passagem,linhas_4_5,seg_sex_exceto_feriado
15177,U,1,20:39,minho_guimaraes,Guimaraes_para_SB,passagem,linhas_4_5,diario
15179,U,2,21:39,minho_guimaraes,Guimaraes_para_SB,passagem,linhas_4_5,sab_dom_feriado
15181,U,7,22:39,minho_guimaraes,Guimaraes_para_SB,passagem,linhas_4_5,seg_sex_exceto_feriado
15183,U,1,23:39,minho_guimaraes,Guimaraes_para_SB,passagem,linhas_4_5,diario
15503,U,1,05:48,douro_marco,SB_para_Marco,passagem,linhas_2_3,diario
15505,U,37,06:48,douro_marco,SB_para_Marco,passagem,linhas_2_3,seg_sab_exceto_feriado
15401,U,7,07:18,douro_marco,SB_para_Marco,passagem,linhas_2_3,seg_sex_exceto_feriado
15507,U,7,07:48,douro_marco,SB_para_Marco,passagem,linhas_2_3,seg_sex_exceto_feriado
15509,U,2,07:48,douro_marco,SB_para_Marco,passagem,linhas_2_3,sab_dom_feriado
15403,U,7,08:18,douro_marco,SB_para_Marco,passagem,linhas_2_3,seg_sex_exceto_feriado
15511,U,7,08:48,douro_marco,SB_para_Marco,passagem,linhas_2_3,seg_sex_exceto_feriado
15513,U,2,08:53,douro_marco,SB_para_Marco,passagem,linhas_2_3,sab_dom_feriado
15405,U,7,09:18,douro_marco,SB_para_Marco,passagem,linhas_2_3,seg_sex_exceto_feriado
15515,U,1,09:48,douro_marco,SB_para_Marco,passagem,linhas_2_3,diario
15517,U,7,10:53,douro_marco,SB_para_Marco,passagem,linhas_2_3,seg_sex_exceto_feriado
15519,U,2,10:58,douro_marco,SB_para_Marco,passagem,linhas_2_3,sab_dom_feriado
15407,U,7,11:18,douro_marco,SB_para_Marco,passagem,linhas_2_3,seg_sex_exceto_feriado
15521,U,1,11:53,douro_marco,SB_para_Marco,passagem,linhas_2_3,diario
15409,U,7,12:18,douro_marco,SB_para_Marco,passagem,linhas_2_3,seg_sex_exceto_feriado
15525,U,2,12:48,douro_marco,SB_para_Marco,passagem,linhas_2_3,sab_dom_feriado
15523,U,7,12:53,douro_marco,SB_para_Marco,passagem,linhas_2_3,seg_sex_exceto_feriado
15411,U,7,13:18,douro_marco,SB_para_Marco,passagem,linhas_2_3,seg_sex_exceto_feriado
15527,U,1,13:53,douro_marco,SB_para_Marco,passagem,linhas_2_3,diario
15413,U,7,14:18,douro_marco,SB_para_Marco,passagem,linhas_2_3,seg_sex_exceto_feriado
15529,U,7,14:53,douro_marco,SB_para_Marco,passagem,linhas_2_3,seg_sex_exceto_feriado
15531,U,2,14:53,douro_marco,SB_para_Marco,passagem,linhas_2_3,sab_dom_feriado
15415,U,7,15:18,douro_marco,SB_para_Marco,passagem,linhas_2_3,seg_sex_exceto_feriado
15533,U,1,15:48,douro_marco,SB_para_Marco,passagem,linhas_2_3,diario
15417,U,7,16:18,douro_marco,SB_para_Marco,passagem,linhas_2_3,seg_sex_exceto_feriado
15535,U,7,16:48,douro_marco,SB_para_Marco,passagem,linhas_2_3,seg_sex_exceto_feriado
15537,U,2,16:48,douro_marco,SB_para_Marco,passagem,linhas_2_3,sab_dom_feriado
15419,U,7,17:18,douro_marco,SB_para_Marco,passagem,linhas_2_3,seg_sex_exceto_feriado
15539,U,1,17:48,douro_marco,SB_para_Marco,passagem,linhas_2_3,diario
15421,U,7,17:54,douro_marco,SB_para_Marco,passagem,linhas_2_3,seg_sex_exceto_feriado
15541,U,7,18:10,douro_marco,SB_para_Marco,passagem,linhas_2_3,seg_sex_exceto_feriado
15423,U,1,18:19,douro_marco,SB_para_Marco,passagem,linhas_2_3,diario
15425,U,7,18:38,douro_marco,SB_para_Marco,passagem,linhas_2_3,seg_sex_exceto_feriado
15543,U,1,18:48,douro_marco,SB_para_Marco,passagem,linhas_2_3,diario
15427,U,7,18:53,douro_marco,SB_para_Marco,passagem,linhas_2_3,seg_sex_exceto_feriado
15429,U,1,19:18,douro_marco,SB_para_Marco,passagem,linhas_2_3,diario
15545,U,7,19:48,douro_marco,SB_para_Marco,passagem,linhas_2_3,seg_sex_exceto_feriado
15547,U,2,19:48,douro_marco,SB_para_Marco,passagem,linhas_2_3,sab_dom_feriado
15431,U,7,19:58,douro_marco,SB_para_Marco,passagem,linhas_2_3,seg_sex_exceto_feriado
15433,U,7,20:18,douro_marco,SB_para_Marco,passagem,linhas_2_3,seg_sex_exceto_feriado
15549,U,1,20:48,douro_marco,SB_para_Marco,passagem,linhas_2_3,diario
15551,U,1,21:48,douro_marco,SB_para_Marco,passagem,linhas_2_3,diario
4001,R,1,22:44,douro_marco,SB_para_Marco,passagem,linhas_2_3,diario
15553,U,1,23:48,douro_marco,SB_para_Marco,passagem,linhas_2_3,diario
15501,U,1,01:03,douro_marco,SB_para_Marco,passagem,linhas_2_3,diario
15500,U,1,05:22,douro_marco,Marco_para_SB,passagem,linhas_2_3,diario
15502,U,7,06:12,douro_marco,Marco_para_SB,passagem,linhas_2_3,seg_sex_exceto_feriado
15400,U,1,06:33,douro_marco,Marco_para_SB,passagem,linhas_2_3,diario
15504,U,7,06:52,douro_marco,Marco_para_SB,passagem,linhas_2_3,seg_sex_exceto_feriado
15506,U,37,07:12,douro_marco,Marco_para_SB,passagem,linhas_2_3,seg_sab_exceto_feriado
4000,R,1,07:23,douro_marco,Marco_para_SB,passagem,linhas_2_3,diario
15402,U,1,07:42,douro_marco,Marco_para_SB,passagem,linhas_2_3,diario
15508,U,7,07:52,douro_marco,Marco_para_SB,passagem,linhas_2_3,seg_sex_exceto_feriado
15404,U,7,08:02,douro_marco,Marco_para_SB,passagem,linhas_2_3,seg_sex_exceto_feriado
15510,U,1,08:12,douro_marco,Marco_para_SB,passagem,linhas_2_3,diario
15406,U,1,08:42,douro_marco,Marco_para_SB,passagem,linhas_2_3,diario
15512,U,7,08:52,douro_marco,Marco_para_SB,passagem,linhas_2_3,seg_sex_exceto_feriado
15428,U,7,09:07,douro_marco,Marco_para_SB,passagem,linhas_2_3,seg_sex_exceto_feriado
15514,U,1,09:17,douro_marco,Marco_para_SB,passagem,linhas_2_3,diario
15408,U,7,09:42,douro_marco,Marco_para_SB,passagem,linhas_2_3,seg_sex_exceto_feriado
15516,U,2,10:07,douro_marco,Marco_para_SB,passagem,linhas_2_3,sab_dom_feriado
15518,U,7,10:07,douro_marco,Marco_para_SB,passagem,linhas_2_3,seg_sex_exceto_feriado
15410,U,7,10:42,douro_marco,Marco_para_SB,passagem,linhas_2_3,seg_sex_exceto_feriado
15520,U,1,11:11,douro_marco,Marco_para_SB,passagem,linhas_2_3,diario
15522,U,2,12:07,douro_marco,Marco_para_SB,passagem,linhas_2_3,sab_dom_feriado
15524,U,7,12:02,douro_marco,Marco_para_SB,passagem,linhas_2_3,seg_sex_exceto_feriado
15412,U,7,12:42,douro_marco,Marco_para_SB,passagem,linhas_2_3,seg_sex_exceto_feriado
15526,U,1,13:16,douro_marco,Marco_para_SB,passagem,linhas_2_3,diario
15414,U,7,13:42,douro_marco,Marco_para_SB,passagem,linhas_2_3,seg_sex_exceto_feriado
15530,U,7,14:02,douro_marco,Marco_para_SB,passagem,linhas_2_3,seg_sex_exceto_feriado
15528,U,2,14:12,douro_marco,Marco_para_SB,passagem,linhas_2_3,sab_dom_feriado
15416,U,7,14:42,douro_marco,Marco_para_SB,passagem,linhas_2_3,seg_sex_exceto_feriado
15532,U,1,15:16,douro_marco,Marco_para_SB,passagem,linhas_2_3,diario
15418,U,7,15:42,douro_marco,Marco_para_SB,passagem,linhas_2_3,seg_sex_exceto_feriado
15536,U,7,16:02,douro_marco,Marco_para_SB,passagem,linhas_2_3,seg_sex_exceto_feriado
15534,U,2,16:12,douro_marco,Marco_para_SB,passagem,linhas_2_3,sab_dom_feriado
15420,U,7,16:42,douro_marco,Marco_para_SB,passagem,linhas_2_3,seg_sex_exceto_feriado
15538,U,1,17:17,douro_marco,Marco_para_SB,passagem,linhas_2_3,diario
15422,U,7,17:42,douro_marco,Marco_para_SB,passagem,linhas_2_3,seg_sex_exceto_feriado
15540,U,2,18:12,douro_marco,Marco_para_SB,passagem,linhas_2_3,sab_dom_feriado
15542,U,7,18:12,douro_marco,Marco_para_SB,passagem,linhas_2_3,seg_sex_exceto_feriado
15424,U,7,18:42,douro_marco,Marco_para_SB,passagem,linhas_2_3,seg_sex_exceto_feriado
15544,U,1,19:06,douro_marco,Marco_para_SB,passagem,linhas_2_3,diario
15426,U,1,19:42,douro_marco,Marco_para_SB,passagem,linhas_2_3,diario
15546,U,1,20:06,douro_marco,Marco_para_SB,passagem,linhas_2_3,diario
15548,U,1,21:12,douro_marco,Marco_para_SB,passagem,linhas_2_3,diario
15550,U,1,22:12,douro_marco,Marco_para_SB,passagem,linhas_2_3,diario
15552,U,1,23:22,douro_marco,Marco_para_SB,passagem,linhas_2_3,diario
