market_date,filename,url,periods,raw_sha256
2023-01-01,marginalpdbcpt_20230101.1,https://www.omie.es/en/file-download?parents=marginalpdbcpt&filename=marginalpdbcpt_20230101.1,24,2b1d865d150441aeea93e52264ab6caa6aa77ef9f599521ab45383b5b6928492
2023-01-02,marginalpdbcpt_20230102.1,https://www.omie.es/en/file-download?parents=marginalpdbcpt&filename=marginalpdbcpt_20230102.1,24,a8fd0d9c169c3095738b365d19f94ce209b6100ed60b3115774864415a6b16c9
2023-01-03,marginalpdbcpt_20230103.1,https://www.omie.es/en/file-download?parents=marginalpdbcpt&filename=marginalpdbcpt_20230103.1,24,b81a10a2279297679957e9051d5e7c3154783db015cccccf306659ce4a1a6bdb
2023-01-04,marginalpdbcpt_20230104.1,https://www.omie.es/en/file-download?parents=marginalpdbcpt&filename=marginalpdbcpt_20230104.1,24,09393b0794aac5be4a9bddffbc5dc8c6cecc605a59681eef394d058abd35bc5d
2023-01-05,marginalpdbcpt_20230105.1,https://www.omie.es/en/file-download?parents=marginalpdbcpt&filename=marginalpdbcpt_20230105.1,24,bc03b1f7e913b768661006c254f1c534b5858d61f3638f5954432be7f409cab6
2023-01-06,marginalpdbcpt_20230106.1,https://www.omie.es/en/file-download?parents=marginalpdbcpt&filename=marginalpdbcpt_20230106.1,24,d64fd8533ebee701437816adfe931670d548371c65da7e4ef99724c9b42b9b2b
2023-01-07,marginalpdbcpt_20230107.1,https://www.omie.es/en/file-download?parents=marginalpdbcpt&filename=marginalpdbcpt_20230107.1,24,3ee94523856c53eb61b41397443a0eec383449d483095ecc14035d98845d2907
2023-01-08,marginalpdbcpt_20230108.1,https://www.omie.es/en/file-download?parents=marginalpdbcpt&filename=marginalpdbcpt_20230108.1,24,07e652ded1ab55ba5b3fec76b02915edabf1b00e7f98a67a99e4e3763ec02824
2023-01-09,marginalpdbcpt_20230109.1,https://www.omie.es/en/file-download?parents=marginalpdbcpt&filename=marginalpdbcpt_20230109.1,24,525ddbe7ecc43435dcf291fdfd0217f2f20a27b257032b7f1812b4058a593778
2023-01-10,marginalpdbcpt_20230110.1,https://www.omie.es/en/file-download?parents=marginalpdbcpt&filename=marginalpdbcpt_20230110.1,24,9e73c8400620bdb4b2255ddc2da0004ce980ec62766e418ed804d339083943bc
2023-01-11,marginalpdbcpt_20230111.1,https://www.omie.es/en/file-download?parents=marginalpdbcpt&filename=marginalpdbcpt_20230111.1,24,3123b67e955cafc156d615e4b8722336cf69447859a5671b0c6e10a41cff93c0
2023-01-12,marginalpdbcpt_20230112.1,https://www.omie.es/en/file-download?parents=marginalpdbcpt&filename=marginalpdbcpt_20230112.1,24,1cccdf9f893dae887837d7bc224a436138dd5d9a73bb06c4bbf1f1bbd6b43ff8
2023-01-13,marginalpdbcpt_20230113.1,https://www.omie.es/en/file-download?parents=marginalpdbcpt&filename=marginalpdbcpt_20230113.1,24,d05045adaaa0590eef8ed6166111cf180f55b6f8a323cd5c8e2b3ba4066c396e
2023-01-14,marginalpdbcpt_20230114.1,https://www.omie.es/en/file-download?parents=marginalpdbcpt&filename=marginalpdbcpt_20230114.1,24,f24ce6d82e9787c4895ed56c74d10b44758d50041cbc49b48e0f4058ecbb716c
2023-01-15,marginalpdbcpt_20230115.1,https://www.omie.es/en/file-download?parents=marginalpdbcpt&filename=marginalpdbcpt_20230115.1,24,490160acbc2da98f290feab669122cc79d16528549935301d7504c13b40739ca
2023-01-16,marginalpdbcpt_20230116.1,https://www.omie.es/en/file-download?parents=marginalpdbcpt&filename=marginalpdbcpt_20230116.1,24,f00b4f1f1aee0d527863c41b412c29bb0e6b0e915eb96090dc3f7c29d4d1277e
2023-01-17,marginalpdbcpt_20230117.1,https://www.omie.es/en/file-download?parents=marginalpdbcpt&filename=marginalpdbcpt_20230117.1,24,4a697757ab6b2791355f4b0b427e2119d0760e9452b5d4c56d61e9b6aacde388
2023-01-18,marginalpdbcpt_20230118.1,https://www.omie.es/en/file-download?parents=marginalpdbcpt&filename=marginalpdbcpt_20230118.1,24,d475a88f9e7553eb77b202b28ad20c137384ad0a2f961a0c0f3518155e1d1ef0
2023-01-19,marginalpdbcpt_20230119.1,https://www.omie.es/en/file-download?parents=marginalpdbcpt&filename=marginalpdbcpt_20230119.1,24,e9774698723910aa68d31acae2fd46c16f5be1742c83febc03704abe0b602664
2023-01-20,marginalpdbcpt_20230120.1,https://www.omie.es/en/file-download?parents=marginalpdbcpt&filename=marginalpdbcpt_20230120.1,24,4004ebeea1204362674981752265cc0d12526cd497633a2382ac12cff199437f
2023-01-21,marginalpdbcpt_20230121.3,https://www.omie.es/en/file-download?parents=marginalpdbcpt&filename=marginalpdbcpt_20230121.3,24,5193c78dc0e8b3d54a5cc08137f4d89e5572e3527e226c2ac278bc72a520bd73
2023-01-22,marginalpdbcpt_20230122.1,https://www.omie.es/en/file-download?parents=marginalpdbcpt&filename=marginalpdbcpt_20230122.1,24,36bfc830fdb3fa096129f5f6de9103ce84b3025a8eda91272e1b7cd38327129b
2023-01-23,marginalpdbcpt_20230123.1,https://www.omie.es/en/file-download?parents=marginalpdbcpt&filename=marginalpdbcpt_20230123.1,24,225c0338986b74f223a55f15a84e25fca06a11c8a1b52db2b671a09d3fb04933
2023-01-24,marginalpdbcpt_20230124.1,https://www.omie.es/en/file-download?parents=marginalpdbcpt&filename=marginalpdbcpt_20230124.1,24,9c63fec32eb3502b3c5dc46a89131a15049a92c853a8ba54030f1d26a956b3fd
2023-01-25,marginalpdbcpt_20230125.1,https://www.omie.es/en/file-download?parents=marginalpdbcpt&filename=marginalpdbcpt_20230125.1,24,a234347a6bfe7f7341c9bbf25255305b794a8b01c67868a4eea9bf7f8038e617
2023-01-26,marginalpdbcpt_20230126.1,https://www.omie.es/en/file-download?parents=marginalpdbcpt&filename=marginalpdbcpt_20230126.1,24,eec33b7e5ef6864000c4510ae47b996646fbcc21d5d8c4c138cdbe3b8b2ec0d8
2023-01-27,marginalpdbcpt_20230127.1,https://www.omie.es/en/file-download?parents=marginalpdbcpt&filename=marginalpdbcpt_20230127.1,24,3b28c8ffe50e6a0ff0a48403ec93947b253070ff636b04ea417d05a0e65cffb2
2023-01-28,marginalpdbcpt_20230128.1,https://www.omie.es/en/file-download?parents=marginalpdbcpt&filename=marginalpdbcpt_20230128.1,24,a48525d326ee1a83ffa639c41a6bc224526619c4eeb8177b693bfa80037df0df
2023-01-29,marginalpdbcpt_20230129.1,https://www.omie.es/en/file-download?parents=marginalpdbcpt&filename=marginalpdbcpt_20230129.1,24,7d9e20e7d4badc48f9c6f3b9644963596b54efa1ac6d874e7b51f6a580a86e31
2023-01-30,marginalpdbcpt_20230130.1,https://www.omie.es/en/file-download?parents=marginalpdbcpt&filename=marginalpdbcpt_20230130.1,24,7c2f02701fd8c63bd8be81ceb82e0b5068cf0cec90eef6c52dc5d68c72d957b8
2023-01-31,marginalpdbcpt_20230131.1,https://www.omie.es/en/file-download?parents=marginalpdbcpt&filename=marginalpdbcpt_20230131.1,24,d17187c71012cc0e8777e8a4b45d8572b1a7b63760317c42424371e8e35b30ce
2023-02-01,marginalpdbcpt_20230201.1,https://www.omie.es/en/file-download?parents=marginalpdbcpt&filename=marginalpdbcpt_20230201.1,24,2b8a452a0e68d02929f3fff4cd2a0c7eea4cacf17b5675101c6e029e9d4ecc1b
2023-02-02,marginalpdbcpt_20230202.1,https://www.omie.es/en/file-download?parents=marginalpdbcpt&filename=marginalpdbcpt_20230202.1,24,bedfb00ab7315c948a67a5ab6f7bd82ec597e2d5aa65b65c153082da1346ca29
2023-02-03,marginalpdbcpt_20230203.1,https://www.omie.es/en/file-download?parents=marginalpdbcpt&filename=marginalpdbcpt_20230203.1,24,92dfcbd425306bcabb4894e6f23bd0d4b954a2de9ecb0d83cdd3334fc9ec97a3
2023-02-04,marginalpdbcpt_20230204.1,https://www.omie.es/en/file-download?parents=marginalpdbcpt&filename=marginalpdbcpt_20230204.1,24,ea035dd8e08caeb6ce09ab5607e8566ca0a4cbc32821ed3f8a957f1b4d3f508e
2023-02-05,marginalpdbcpt_20230205.1,https://www.omie.es/en/file-download?parents=marginalpdbcpt&filename=marginalpdbcpt_20230205.1,24,1137d31e5388d641885aa3723cf649220b0d4ffe5d71b7e37d7aa3ba69d12789
2023-02-06,marginalpdbcpt_20230206.1,https://www.omie.es/en/file-download?parents=marginalpdbcpt&filename=marginalpdbcpt_20230206.1,24,d59c551d5e396ff7b35ecf8049853bf22930d7b4e8e379f144cf39dd874036a4
2023-02-07,marginalpdbcpt_20230207.1,https://www.omie.es/en/file-download?parents=marginalpdbcpt&filename=marginalpdbcpt_20230207.1,24,591512e2ecb3d7d9578b49fd004633ae193d5de6a28a35b2bd5b23f6c44ef363
2023-02-08,marginalpdbcpt_20230208.1,https://www.omie.es/en/file-download?parents=marginalpdbcpt&filename=marginalpdbcpt_20230208.1,24,4cf639a557b3f988f5f434e693cda9b97b3eebaea21b6e7809212dac00305d96
2023-02-09,marginalpdbcpt_20230209.1,https://www.omie.es/en/file-download?parents=marginalpdbcpt&filename=marginalpdbcpt_20230209.1,24,094e52cdd818a4cd7c60ab817f3c439f5bdc7de21e8c1791d6c86bd2ea8e2ace
2023-02-10,marginalpdbcpt_20230210.1,https://www.omie.es/en/file-download?parents=marginalpdbcpt&filename=marginalpdbcpt_20230210.1,24,b8fe9a86c1ae41d1d6f68d51930bd2c2febfbd4fae08fe201576e35e6fa12669
2023-02-11,marginalpdbcpt_20230211.1,https://www.omie.es/en/file-download?parents=marginalpdbcpt&filename=marginalpdbcpt_20230211.1,24,0acec955badff392557ffa53431d57f3a57e2fbafcdcaf62c9a5e0c29743f86f
2023-02-12,marginalpdbcpt_20230212.1,https://www.omie.es/en/file-download?parents=marginalpdbcpt&filename=marginalpdbcpt_20230212.1,24,e61530352a78b843b0f5660a10c2b00b042a6c453e73f4558441ede22d3588c2
2023-02-13,marginalpdbcpt_20230213.1,https://www.omie.es/en/file-download?parents=marginalpdbcpt&filename=marginalpdbcpt_20230213.1,24,c57586fe8568df1306c0cf905b9f72349cf07dd6d413f200dcbf29f0bbf4bf2a
2023-02-14,marginalpdbcpt_20230214.1,https://www.omie.es/en/file-download?parents=marginalpdbcpt&filename=marginalpdbcpt_20230214.1,24,f3fab1ce75ec9d0816bb2531ae9bb86f786898cc2bbacb398be2ae3296a02775
2023-02-15,marginalpdbcpt_20230215.1,https://www.omie.es/en/file-download?parents=marginalpdbcpt&filename=marginalpdbcpt_20230215.1,24,80fa522f5c9e4e65f12653c7a7fe1f0a87f99f045b490afc6f671d7f74128cd8
2023-02-16,marginalpdbcpt_20230216.1,https://www.omie.es/en/file-download?parents=marginalpdbcpt&filename=marginalpdbcpt_20230216.1,24,91759660f076664265876ed9d8164779def46badf2ac23f771fc88faf447dca7
2023-02-17,marginalpdbcpt_20230217.1,https://www.omie.es/en/file-download?parents=marginalpdbcpt&filename=marginalpdbcpt_20230217.1,24,2ef1838b3bcca6668831351a660046e785387eded1aade3935bc6e135a1239c2
2023-02-18,marginalpdbcpt_20230218.1,https://www.omie.es/en/file-download?parents=marginalpdbcpt&filename=marginalpdbcpt_20230218.1,24,256045e637fb70e70234ff7cd41654870aa47ae98b1164a233280cc6fdf445b9
2023-02-19,marginalpdbcpt_20230219.1,https://www.omie.es/en/file-download?parents=marginalpdbcpt&filename=marginalpdbcpt_20230219.1,24,106b9202abd5c0cbd17b8bafc78c1422cf352d2d6530abf2f0b17299d5f6342a
2023-02-20,marginalpdbcpt_20230220.1,https://www.omie.es/en/file-download?parents=marginalpdbcpt&filename=marginalpdbcpt_20230220.1,24,4df0b5dcbf2eccdff77f3991989f03dd57f0b7e54065d51167016500480fb3f5
2023-02-21,marginalpdbcpt_20230221.1,https://www.omie.es/en/file-download?parents=marginalpdbcpt&filename=marginalpdbcpt_20230221.1,24,79b002c1f6a989171cd06cebec1b3fee53296480abacdac417c5c457b3410da7
2023-02-22,marginalpdbcpt_20230222.1,https://www.omie.es/en/file-download?parents=marginalpdbcpt&filename=marginalpdbcpt_20230222.1,24,6a6caa4ab44aaf2013a2aa3608ec3e8ae460984e1cb3587b9a7c3e3909d6895b
2023-02-23,marginalpdbcpt_20230223.2,https://www.omie.es/en/file-download?parents=marginalpdbcpt&filename=marginalpdbcpt_20230223.2,24,bd2577c30918b6c940fa104c4f14822ae03a2789d95dc3c6777bce05993db627
2023-02-24,marginalpdbcpt_20230224.1,https://www.omie.es/en/file-download?parents=marginalpdbcpt&filename=marginalpdbcpt_20230224.1,24,8cf9300a721e27675f8a224c4663a43ce326a2ec8e2e5a0e10af73b1331a030a
2023-02-25,marginalpdbcpt_20230225.1,https://www.omie.es/en/file-download?parents=marginalpdbcpt&filename=marginalpdbcpt_20230225.1,24,11e4164cf283a6d091760fc5e48c0e7d0834f0f3576b72344fcb13a919f3e5e0
2023-02-26,marginalpdbcpt_20230226.1,https://www.omie.es/en/file-download?parents=marginalpdbcpt&filename=marginalpdbcpt_20230226.1,24,e836897c53b9efe37fd91209f397964179ee5186abd90c33df8a1c3a41ac69a0
2023-02-27,marginalpdbcpt_20230227.1,https://www.omie.es/en/file-download?parents=marginalpdbcpt&filename=marginalpdbcpt_20230227.1,24,f1fb9d995bdb7fa38e63abbd7eeff8e86453d9328dafb7f8dd91c3b9147ec9df
2023-02-28,marginalpdbcpt_20230228.1,https://www.omie.es/en/file-download?parents=marginalpdbcpt&filename=marginalpdbcpt_20230228.1,24,6b90cb99049f60ea6ec1981e6912c7211397a4f22990ad659bc52fef319ba751
2023-03-01,marginalpdbcpt_20230301.1,https://www.omie.es/en/file-download?parents=marginalpdbcpt&filename=marginalpdbcpt_20230301.1,24,840bfa170c1c0d745b28e08450eb5f96a64f949a8776ffc41e90786d8a27c6a3
2023-03-02,marginalpdbcpt_20230302.1,https://www.omie.es/en/file-download?parents=marginalpdbcpt&filename=marginalpdbcpt_20230302.1,24,a0c53e72ed6a392a346c016f12b83d1c50a273d79fb514e3c4e590c8f3732e03
2023-03-03,marginalpdbcpt_20230303.1,https://www.omie.es/en/file-download?parents=marginalpdbcpt&filename=marginalpdbcpt_20230303.1,24,0f3496c42568c0026d085b0df53f08a2c6780ab68ebeba32cd12c5e9c09b23ad
2023-03-04,marginalpdbcpt_20230304.1,https://www.omie.es/en/file-download?parents=marginalpdbcpt&filename=marginalpdbcpt_20230304.1,24,a8a067e0e0afee815604362dc9e9c86500da688a48aee3fbf7af0f90d726adf2
2023-03-05,marginalpdbcpt_20230305.1,https://www.omie.es/en/file-download?parents=marginalpdbcpt&filename=marginalpdbcpt_20230305.1,24,e6099f297d407d74feadc55250d72008125fb810ab7c46365f47c52f0b9ec007
2023-03-06,marginalpdbcpt_20230306.1,https://www.omie.es/en/file-download?parents=marginalpdbcpt&filename=marginalpdbcpt_20230306.1,24,b08bb91ba62a93b87143e0e70e8b332cc1d1fc687a04740944ee03e71e9fc431
2023-03-07,marginalpdbcpt_20230307.1,https://www.omie.es/en/file-download?parents=marginalpdbcpt&filename=marginalpdbcpt_20230307.1,24,53771a257bc37e7e25885c561f97060bf90ccb0b490e3120e714eca35c11fce2
2023-03-08,marginalpdbcpt_20230308.1,https://www.omie.es/en/file-download?parents=marginalpdbcpt&filename=marginalpdbcpt_20230308.1,24,85f9ee7b2ed2b8fa5e7a8a672827969a714b54340c8113e735c2190c61137240
2023-03-09,marginalpdbcpt_20230309.1,https://www.omie.es/en/file-download?parents=marginalpdbcpt&filename=marginalpdbcpt_20230309.1,24,e809b97d704e18aeadb162eb42695e5357e1ae771eaa1ec833b77fdf01153313
2023-03-10,marginalpdbcpt_20230310.1,https://www.omie.es/en/file-download?parents=marginalpdbcpt&filename=marginalpdbcpt_20230310.1,24,9fc3a7c44f28604dd74a203cd9317628b45faf1bca458f44f0f2ebe7a4f8bbec
2023-03-11,marginalpdbcpt_20230311.1,https://www.omie.es/en/file-download?parents=marginalpdbcpt&filename=marginalpdbcpt_20230311.1,24,1382653801af451c400530fd116e9560033d09b16070e4ab4823941faa31ed13
2023-03-12,marginalpdbcpt_20230312.1,https://www.omie.es/en/file-download?parents=marginalpdbcpt&filename=marginalpdbcpt_20230312.1,24,d47dec92e2f5a6748aa87e9ac5e14b6b0b7b62c535cbcd2a1be92f9e6cfac96d
2023-03-13,marginalpdbcpt_20230313.1,https://www.omie.es/en/file-download?parents=marginalpdbcpt&filename=marginalpdbcpt_20230313.1,24,8a8e31e0d9eba845815d8eb25afcb5163dd4af6f068a22fcaa5b04d8ce64f534
2023-03-14,marginalpdbcpt_20230314.1,https://www.omie.es/en/file-download?parents=marginalpdbcpt&filename=marginalpdbcpt_20230314.1,24,70bc3390aaa81ffb344caf67d96709c4e2384df2967235ab0026e3c781e20c68
2023-03-15,marginalpdbcpt_20230315.1,https://www.omie.es/en/file-download?parents=marginalpdbcpt&filename=marginalpdbcpt_20230315.1,24,2f4b3964da2453fad952c64620c5b241fe7c7a5ec8aa26732ec0441486b92f48
2023-03-16,marginalpdbcpt_20230316.1,https://www.omie.es/en/file-download?parents=marginalpdbcpt&filename=marginalpdbcpt_20230316.1,24,bee85d4082bfcca05fbb79b1c1aaa012d54b58ba326f07d4386065c895a0572a
2023-03-17,marginalpdbcpt_20230317.1,https://www.omie.es/en/file-download?parents=marginalpdbcpt&filename=marginalpdbcpt_20230317.1,24,1b0940948cc178ad370a80640a7abb10694a33ea000b9c0f661d2d3bf91d7fc0
2023-03-18,marginalpdbcpt_20230318.1,https://www.omie.es/en/file-download?parents=marginalpdbcpt&filename=marginalpdbcpt_20230318.1,24,02f3ae8fdb5d3c561c5b7e0bbbfc6718b1a3e2f958b526bd7c367043072ac9ea
2023-03-19,marginalpdbcpt_20230319.1,https://www.omie.es/en/file-download?parents=marginalpdbcpt&filename=marginalpdbcpt_20230319.1,24,41eedc42cf4b8811d39317358df6cb0eab04b9ee86783144d4e3730174609cec
2023-03-20,marginalpdbcpt_20230320.1,https://www.omie.es/en/file-download?parents=marginalpdbcpt&filename=marginalpdbcpt_20230320.1,24,659ea782d68d3415bf9de4a11c664910910b523c50f4f9fae3cab8754084f3dc
2023-03-21,marginalpdbcpt_20230321.1,https://www.omie.es/en/file-download?parents=marginalpdbcpt&filename=marginalpdbcpt_20230321.1,24,2e61123b3599bf7d7d2f374a2202505af31351edfbbc1abb03e75261fa6a37fb
2023-03-22,marginalpdbcpt_20230322.1,https://www.omie.es/en/file-download?parents=marginalpdbcpt&filename=marginalpdbcpt_20230322.1,24,b533f3d5e7361031a66b0bea8f7247c0b186c4a7efbe36b18d4ad139ee944255
2023-03-23,marginalpdbcpt_20230323.1,https://www.omie.es/en/file-download?parents=marginalpdbcpt&filename=marginalpdbcpt_20230323.1,24,83c428dc430a2bc56e7ca8ba659665b6a8c8c2e4f6909a1112abfb28fcc7e616
2023-03-24,marginalpdbcpt_20230324.1,https://www.omie.es/en/file-download?parents=marginalpdbcpt&filename=marginalpdbcpt_20230324.1,24,abee4571da06dc476313e9bbc8aac5bba3ab0d0173fa4d4b454c23e3d03ca19d
2023-03-25,marginalpdbcpt_20230325.1,https://www.omie.es/en/file-download?parents=marginalpdbcpt&filename=marginalpdbcpt_20230325.1,24,8593c51bb324bdd6922ce93075f797cf4a60754fa46a5608b19a4b0fada9c5c3
2023-03-26,marginalpdbcpt_20230326.1,https://www.omie.es/en/file-download?parents=marginalpdbcpt&filename=marginalpdbcpt_20230326.1,23,7ca81b9869e05af51e37f0a438a50062ff1839ca3817f4cb610c326dfe6f23e7
2023-03-27,marginalpdbcpt_20230327.1,https://www.omie.es/en/file-download?parents=marginalpdbcpt&filename=marginalpdbcpt_20230327.1,24,a5cc8185ea0f91a9804bf1b3397679b858d868117b4868e9bb2cb506add6a666
2023-03-28,marginalpdbcpt_20230328.1,https://www.omie.es/en/file-download?parents=marginalpdbcpt&filename=marginalpdbcpt_20230328.1,24,12cee6f1dbb04e2081d2d7ff265bd9a8f87965c4a561a55a4a8ab3a1ba5a9836
2023-03-29,marginalpdbcpt_20230329.1,https://www.omie.es/en/file-download?parents=marginalpdbcpt&filename=marginalpdbcpt_20230329.1,24,e1a981cf1c9044c3abb13e12ec6fc3b94a0021d049ac935190e68532d8972ca6
2023-03-30,marginalpdbcpt_20230330.1,https://www.omie.es/en/file-download?parents=marginalpdbcpt&filename=marginalpdbcpt_20230330.1,24,82b6e3bc6aa4552a9e9828f9fc166c7396c132e23277ab2743083c80a06c9a60
2023-03-31,marginalpdbcpt_20230331.1,https://www.omie.es/en/file-download?parents=marginalpdbcpt&filename=marginalpdbcpt_20230331.1,24,06b5e46ba70f86262cf802090d9e8f46d775a6ecff085fb2803a94a7ddd89376
2023-04-01,marginalpdbcpt_20230401.1,https://www.omie.es/en/file-download?parents=marginalpdbcpt&filename=marginalpdbcpt_20230401.1,24,2eff65155c723e5eda151cf19a3dab5be005c1cbb9ce6c9a21f6bf1e2181383a
2023-04-02,marginalpdbcpt_20230402.1,https://www.omie.es/en/file-download?parents=marginalpdbcpt&filename=marginalpdbcpt_20230402.1,24,cf56ac725d613277482635aa977009b264ebd67e8f1e506400a56a717a205afd
2023-04-03,marginalpdbcpt_20230403.1,https://www.omie.es/en/file-download?parents=marginalpdbcpt&filename=marginalpdbcpt_20230403.1,24,4d6b36ba941b771eb346a315a59155425115afb5aa34a14787883519ca1548b3
2023-04-04,marginalpdbcpt_20230404.1,https://www.omie.es/en/file-download?parents=marginalpdbcpt&filename=marginalpdbcpt_20230404.1,24,bb58ef473017e350dd25a137e091f889da5a4bff0879470b12313616d99ad5fa
2023-04-05,marginalpdbcpt_20230405.1,https://www.omie.es/en/file-download?parents=marginalpdbcpt&filename=marginalpdbcpt_20230405.1,24,4a589a9054cd3e9322134cdaf7354d664bab80fd3daa2e374321eb3be92c9662
2023-04-06,marginalpdbcpt_20230406.1,https://www.omie.es/en/file-download?parents=marginalpdbcpt&filename=marginalpdbcpt_20230406.1,24,d9f2d8b1771ffdb77d434c566d3166a9fd1fed893a49c6b91479d37aa157f559
2023-04-07,marginalpdbcpt_20230407.1,https://www.omie.es/en/file-download?parents=marginalpdbcpt&filename=marginalpdbcpt_20230407.1,24,993f8007c82f933b44bd60dc2e96d6dc070f2f87aada620d09b10490258faf13
2023-04-08,marginalpdbcpt_20230408.1,https://www.omie.es/en/file-download?parents=marginalpdbcpt&filename=marginalpdbcpt_20230408.1,24,47fbc23f3e01c4c7598bfcdcdb00787c1d815574a34111c0c7dc51d9267ae3b4
2023-04-09,marginalpdbcpt_20230409.1,https://www.omie.es/en/file-download?parents=marginalpdbcpt&filename=marginalpdbcpt_20230409.1,24,704854a56b83c7af0b94bc06e7a3bd2fc13969df292f9576f727fc58304b9350
2023-04-10,marginalpdbcpt_20230410.1,https://www.omie.es/en/file-download?parents=marginalpdbcpt&filename=marginalpdbcpt_20230410.1,24,b26db3232a5286cd9945047d37a958bc935ec6a33d634391286a60ebcfbc2d1f
2023-04-11,marginalpdbcpt_20230411.1,https://www.omie.es/en/file-download?parents=marginalpdbcpt&filename=marginalpdbcpt_20230411.1,24,bc9d54a3fcf4e3c11cacd0a91828a65d5eefc7acc010e1a848389da9787e139a
2023-04-12,marginalpdbcpt_20230412.1,https://www.omie.es/en/file-download?parents=marginalpdbcpt&filename=marginalpdbcpt_20230412.1,24,d172c4b1d9470c12552d8fc4e98cd385404b68ec39660a3208d52a1ea16b6b8a
2023-04-13,marginalpdbcpt_20230413.1,https://www.omie.es/en/file-download?parents=marginalpdbcpt&filename=marginalpdbcpt_20230413.1,24,28fcaeb0cf86f3825bc380850f4b35943be454c49be26d57629ad1770b054b1b
2023-04-14,marginalpdbcpt_20230414.1,https://www.omie.es/en/file-download?parents=marginalpdbcpt&filename=marginalpdbcpt_20230414.1,24,c84493bbb1284f6aef8be3310a3baa3851b33b1c956028ee592b3aaf8ac5a586
2023-04-15,marginalpdbcpt_20230415.1,https://www.omie.es/en/file-download?parents=marginalpdbcpt&filename=marginalpdbcpt_20230415.1,24,ebe66afea88ecd94e14dfbfe396f15e9f6c6a8bd991fa327d1beb4586d62bda1
2023-04-16,marginalpdbcpt_20230416.1,https://www.omie.es/en/file-download?parents=marginalpdbcpt&filename=marginalpdbcpt_20230416.1,24,b2e470ddf95635f0074b94800033dc15ca5e09752ac4a374082b47cc92eabd2b
2023-04-17,marginalpdbcpt_20230417.1,https://www.omie.es/en/file-download?parents=marginalpdbcpt&filename=marginalpdbcpt_20230417.1,24,ac73e003703c26566a78bf157717695631d15cb5f5feeff29054a4959f774e7e
2023-04-18,marginalpdbcpt_20230418.1,https://www.omie.es/en/file-download?parents=marginalpdbcpt&filename=marginalpdbcpt_20230418.1,24,ea4bc86125ac8c1f4b3cbbc42646288c4b44d5664e518fdc6d8e6061aa4f16c4
2023-04-19,marginalpdbcpt_20230419.1,https://www.omie.es/en/file-download?parents=marginalpdbcpt&filename=marginalpdbcpt_20230419.1,24,27650bcf6c70229f2adb8f59076c6fcc495ea0ea59ea830d2e9b52d05830b11a
2023-04-20,marginalpdbcpt_20230420.1,https://www.omie.es/en/file-download?parents=marginalpdbcpt&filename=marginalpdbcpt_20230420.1,24,98cbba20642553bd3edb09e6438eed5ef8f4669cc4376ed6590a01dd41d1c4b9
2023-04-21,marginalpdbcpt_20230421.1,https://www.omie.es/en/file-download?parents=marginalpdbcpt&filename=marginalpdbcpt_20230421.1,24,8c3b7a87965da874d401833f362080f7ccd7792bc785d9fe2c040a17304c5774
2023-04-22,marginalpdbcpt_20230422.1,https://www.omie.es/en/file-download?parents=marginalpdbcpt&filename=marginalpdbcpt_20230422.1,24,554ccf154e3cbaf792b121788f3d5f115bd2406d0096121f2fbc4657df29796e
2023-04-23,marginalpdbcpt_20230423.1,https://www.omie.es/en/file-download?parents=marginalpdbcpt&filename=marginalpdbcpt_20230423.1,24,1353d62cded70d9f1ee4092de78a855eff3f1bee413e23ea86c4af8a94480803
2023-04-24,marginalpdbcpt_20230424.1,https://www.omie.es/en/file-download?parents=marginalpdbcpt&filename=marginalpdbcpt_20230424.1,24,56ddb30c32e03912bc8629ce9d3df1e053632763ef5a62eec418e098d2bf5d06
2023-04-25,marginalpdbcpt_20230425.1,https://www.omie.es/en/file-download?parents=marginalpdbcpt&filename=marginalpdbcpt_20230425.1,24,18043ac01385fe29a33f93857122accdb2c35e878de3e7d01aef8dbe6307ac78
2023-04-26,marginalpdbcpt_20230426.1,https://www.omie.es/en/file-download?parents=marginalpdbcpt&filename=marginalpdbcpt_20230426.1,24,124e12d9cc16cb3a1bfa0189f101ab45e7c2d294f3e333b907c8c127423cb3ea
2023-04-27,marginalpdbcpt_20230427.1,https://www.omie.es/en/file-download?parents=marginalpdbcpt&filename=marginalpdbcpt_20230427.1,24,78ab946e5d20739dd0a3734b1136d37563f1e4e826e6dbedb41ddf41a1892c99
2023-04-28,marginalpdbcpt_20230428.1,https://www.omie.es/en/file-download?parents=marginalpdbcpt&filename=marginalpdbcpt_20230428.1,24,c66b250bf3549de9799ec759043b2eaf137b33f4a497da50b251eb6659e295ef
2023-04-29,marginalpdbcpt_20230429.1,https://www.omie.es/en/file-download?parents=marginalpdbcpt&filename=marginalpdbcpt_20230429.1,24,5437471ae1ca24efe2b7f697d98463e03795ef17b6336c98827c1b7976799911
2023-04-30,marginalpdbcpt_20230430.1,https://www.omie.es/en/file-download?parents=marginalpdbcpt&filename=marginalpdbcpt_20230430.1,24,cfffd59ed3b875869395f1bb763e5a5c097496a83919c635550717740fc6012e
2023-05-01,marginalpdbcpt_20230501.1,https://www.omie.es/en/file-download?parents=marginalpdbcpt&filename=marginalpdbcpt_20230501.1,24,75566ebd12c28d71d050e7362046ecdf03293dd76f82487d4f2b9549c41dde6c
2023-05-02,marginalpdbcpt_20230502.1,https://www.omie.es/en/file-download?parents=marginalpdbcpt&filename=marginalpdbcpt_20230502.1,24,0960f95318566c4183d48ae61424672e1c04dfdd3b8439f73164a0c4b3f6fd7c
2023-05-03,marginalpdbcpt_20230503.1,https://www.omie.es/en/file-download?parents=marginalpdbcpt&filename=marginalpdbcpt_20230503.1,24,5bc9692aa0867124465e584d014c0419aabf402b7100c9344d7fa2fa12362aa1
2023-05-04,marginalpdbcpt_20230504.1,https://www.omie.es/en/file-download?parents=marginalpdbcpt&filename=marginalpdbcpt_20230504.1,24,813eded589d66b8271d2f249cbc3c86f19b7044f575aff7dae4cd7e35bcb35cf
2023-05-05,marginalpdbcpt_20230505.1,https://www.omie.es/en/file-download?parents=marginalpdbcpt&filename=marginalpdbcpt_20230505.1,24,bd2a9f145d3fb0cc68d7dad341c3513b05a4e6bf391f3b2a1e62e0cc917b36a7
2023-05-06,marginalpdbcpt_20230506.1,https://www.omie.es/en/file-download?parents=marginalpdbcpt&filename=marginalpdbcpt_20230506.1,24,b26052337e6a36cc55af7d04d04491cdf6c4c40edf194ed95fffb4d4a03b612d
2023-05-07,marginalpdbcpt_20230507.1,https://www.omie.es/en/file-download?parents=marginalpdbcpt&filename=marginalpdbcpt_20230507.1,24,768f67a471a460106c1bc1484898c194aa805c19551b181f0169b4f55359e02f
2023-05-08,marginalpdbcpt_20230508.1,https://www.omie.es/en/file-download?parents=marginalpdbcpt&filename=marginalpdbcpt_20230508.1,24,1869b4494d7731409739a84dd1f64baf04c4e31993c4012d5d37ca17723c6200
2023-05-09,marginalpdbcpt_20230509.1,https://www.omie.es/en/file-download?parents=marginalpdbcpt&filename=marginalpdbcpt_20230509.1,24,314993a05fa6550a4f76ac185ca421f81028cfa63cdbd36f662d0a7b1e9d3fbd
2023-05-10,marginalpdbcpt_20230510.1,https://www.omie.es/en/file-download?parents=marginalpdbcpt&filename=marginalpdbcpt_20230510.1,24,7bead9800257dc635957fd84ec52a4ba1924e621a809f8576b3d3ec343005437
2023-05-11,marginalpdbcpt_20230511.1,https://www.omie.es/en/file-download?parents=marginalpdbcpt&filename=marginalpdbcpt_20230511.1,24,1db66162d82ef17228a6260326ee5d4a1ce8ea12bc5a5fed2e774ff2ffeb7592
2023-05-12,marginalpdbcpt_20230512.1,https://www.omie.es/en/file-download?parents=marginalpdbcpt&filename=marginalpdbcpt_20230512.1,24,2732583d6d803ab4343ab2993df06fa11262e583dc1ba545f614088eb7568257
2023-05-13,marginalpdbcpt_20230513.1,https://www.omie.es/en/file-download?parents=marginalpdbcpt&filename=marginalpdbcpt_20230513.1,24,4c5a2d40f393619853387cd7c1192bd541c5f94c701ffecce362760e46aa2f34
2023-05-14,marginalpdbcpt_20230514.1,https://www.omie.es/en/file-download?parents=marginalpdbcpt&filename=marginalpdbcpt_20230514.1,24,ca89405b091aea34ae77ba4f2e3e6c74f237ee60cd22677f378c71535faf3372
2023-05-15,marginalpdbcpt_20230515.1,https://www.omie.es/en/file-download?parents=marginalpdbcpt&filename=marginalpdbcpt_20230515.1,24,d141a91edede2ff09017c74ec6d5e82cd9eeca7126853961ad8b36a5e83bcf8b
2023-05-16,marginalpdbcpt_20230516.1,https://www.omie.es/en/file-download?parents=marginalpdbcpt&filename=marginalpdbcpt_20230516.1,24,0a657120c981c0a7bfb1518ca25d6991f73f63e020ea864d464b225bbdbea399
2023-05-17,marginalpdbcpt_20230517.1,https://www.omie.es/en/file-download?parents=marginalpdbcpt&filename=marginalpdbcpt_20230517.1,24,dffe42640236f97f7afd01f81085066431f6d4ae672ec41c322d4b94f038d974
2023-05-18,marginalpdbcpt_20230518.1,https://www.omie.es/en/file-download?parents=marginalpdbcpt&filename=marginalpdbcpt_20230518.1,24,69be326e9c4c47da7e8703177a1feaaa97224d5390378750e99c572920ce04ea
2023-05-19,marginalpdbcpt_20230519.1,https://www.omie.es/en/file-download?parents=marginalpdbcpt&filename=marginalpdbcpt_20230519.1,24,3420466a02590b7548ee04112791844af0222cacc71261fabd4506f15b5f2aab
2023-05-20,marginalpdbcpt_20230520.1,https://www.omie.es/en/file-download?parents=marginalpdbcpt&filename=marginalpdbcpt_20230520.1,24,17b8b94556a9d6e1e2ec072481643cce441e2adf5907e1136d9722f751259cef
2023-05-21,marginalpdbcpt_20230521.1,https://www.omie.es/en/file-download?parents=marginalpdbcpt&filename=marginalpdbcpt_20230521.1,24,eb224166245e1bcdb69da2288483b1192e2b40aa89645567c150d8f32df00bbb
2023-05-22,marginalpdbcpt_20230522.1,https://www.omie.es/en/file-download?parents=marginalpdbcpt&filename=marginalpdbcpt_20230522.1,24,e7ce3e6cb0a7ec179cb63ea8287bd3f20071848dbfd79fa1ac329a71e1a49337
2023-05-23,marginalpdbcpt_20230523.1,https://www.omie.es/en/file-download?parents=marginalpdbcpt&filename=marginalpdbcpt_20230523.1,24,64f9dc15fcc81b6c4f1c8d253df33202a121231fec69b2df5827e5b0f840bb03
2023-05-24,marginalpdbcpt_20230524.1,https://www.omie.es/en/file-download?parents=marginalpdbcpt&filename=marginalpdbcpt_20230524.1,24,80e3338b181452f892c17a6c8ebd24b053b8e10ffde2bd437664043bd354ceef
2023-05-25,marginalpdbcpt_20230525.1,https://www.omie.es/en/file-download?parents=marginalpdbcpt&filename=marginalpdbcpt_20230525.1,24,6f1c7e337ec727cce6cffc8f86183515e68a5e1620e5a71b22432eeedc482318
2023-05-26,marginalpdbcpt_20230526.1,https://www.omie.es/en/file-download?parents=marginalpdbcpt&filename=marginalpdbcpt_20230526.1,24,776533e3b5084e5fa8cfae9c8535f3373ed39f63522c777ccb1904a6121d1cee
2023-05-27,marginalpdbcpt_20230527.1,https://www.omie.es/en/file-download?parents=marginalpdbcpt&filename=marginalpdbcpt_20230527.1,24,794c1447ce4fdb61ea8f34fdb7a53abfceac1ed4a8ced3e3b78c77bb12a0a57e
2023-05-28,marginalpdbcpt_20230528.2,https://www.omie.es/en/file-download?parents=marginalpdbcpt&filename=marginalpdbcpt_20230528.2,24,1499ae5d9979dd8d66a4a0df997423da6e688023e38b42676aa117eec3c04f68
2023-05-29,marginalpdbcpt_20230529.1,https://www.omie.es/en/file-download?parents=marginalpdbcpt&filename=marginalpdbcpt_20230529.1,24,4d8ddfa58164d195937167acd67b701d91322b0668832c9aeefef63d096021ac
2023-05-30,marginalpdbcpt_20230530.1,https://www.omie.es/en/file-download?parents=marginalpdbcpt&filename=marginalpdbcpt_20230530.1,24,df66417d7c79b605d2b22f2779bde0c0cd58ad1a40d0e238196f1bca172c40de
2023-05-31,marginalpdbcpt_20230531.1,https://www.omie.es/en/file-download?parents=marginalpdbcpt&filename=marginalpdbcpt_20230531.1,24,5c6a3d5475f4a9efc0b21cf4aec438f96ed81a9358816359089878d750dc621f
2023-06-01,marginalpdbcpt_20230601.1,https://www.omie.es/en/file-download?parents=marginalpdbcpt&filename=marginalpdbcpt_20230601.1,24,e6cf8dffae6886ae30c02bfe1c16c9f065a11af0c5ef479a23c7b2d3a0385ed8
2023-06-02,marginalpdbcpt_20230602.1,https://www.omie.es/en/file-download?parents=marginalpdbcpt&filename=marginalpdbcpt_20230602.1,24,00a511afb092e97f1a59ce110dd5131fbf34bae912544ce4b54b9b2365b4928c
2023-06-03,marginalpdbcpt_20230603.1,https://www.omie.es/en/file-download?parents=marginalpdbcpt&filename=marginalpdbcpt_20230603.1,24,7a33814e7bee9641b295af92001b9d996b0a0061e1754ba65cc157e7cb073914
2023-06-04,marginalpdbcpt_20230604.1,https://www.omie.es/en/file-download?parents=marginalpdbcpt&filename=marginalpdbcpt_20230604.1,24,5e40daa1a2316bb8f27fcfcd2c91e41ba212f0d11be5c3a4bd6f7d15c8459073
2023-06-05,marginalpdbcpt_20230605.1,https://www.omie.es/en/file-download?parents=marginalpdbcpt&filename=marginalpdbcpt_20230605.1,24,16fcd73ca43ab6cc843071849f3dcdc77aeabeb56c688f106ea51f580ce42c71
2023-06-06,marginalpdbcpt_20230606.1,https://www.omie.es/en/file-download?parents=marginalpdbcpt&filename=marginalpdbcpt_20230606.1,24,859ac081d971ce91efe0b8f8e0b9d0eba20f900ddbc127da3f669eae1fcfa5d2
2023-06-07,marginalpdbcpt_20230607.1,https://www.omie.es/en/file-download?parents=marginalpdbcpt&filename=marginalpdbcpt_20230607.1,24,457f570642a7913cf3b77c7c7324ca335f9f514a1d714733b164e18e8853237b
2023-06-08,marginalpdbcpt_20230608.1,https://www.omie.es/en/file-download?parents=marginalpdbcpt&filename=marginalpdbcpt_20230608.1,24,67f3494b6557134fa52d9b953a96750cdf822000c07bee58e92d9681b0540b98
2023-06-09,marginalpdbcpt_20230609.1,https://www.omie.es/en/file-download?parents=marginalpdbcpt&filename=marginalpdbcpt_20230609.1,24,d580326f3e3f42928474b41deb20eb66db3a88008bed41bfde898b02294f3b46
2023-06-10,marginalpdbcpt_20230610.1,https://www.omie.es/en/file-download?parents=marginalpdbcpt&filename=marginalpdbcpt_20230610.1,24,0aa53aac41cdd43391d48712befcddcc70dd6a687646afd3f80d20e07b74f715
2023-06-11,marginalpdbcpt_20230611.1,https://www.omie.es/en/file-download?parents=marginalpdbcpt&filename=marginalpdbcpt_20230611.1,24,945b391b55c69a209a24fcc9ed0f4ea8b7947f8f8b3f608c3936abbb75a948a1
2023-06-12,marginalpdbcpt_20230612.1,https://www.omie.es/en/file-download?parents=marginalpdbcpt&filename=marginalpdbcpt_20230612.1,24,f49ea9ec849acb632583bcdda6222c173e74a579fb165aee73366f72d8a7d44a
2023-06-13,marginalpdbcpt_20230613.1,https://www.omie.es/en/file-download?parents=marginalpdbcpt&filename=marginalpdbcpt_20230613.1,24,2e0fda662a65044ce1db01ae612f57cd2212430202b3933820017889b233700b
2023-06-14,marginalpdbcpt_20230614.1,https://www.omie.es/en/file-download?parents=marginalpdbcpt&filename=marginalpdbcpt_20230614.1,24,c81af412e35fe7912a8fe0880c2f8f0f9ad4624a400ac43d4dafcbc618fe9123
2023-06-15,marginalpdbcpt_20230615.1,https://www.omie.es/en/file-download?parents=marginalpdbcpt&filename=marginalpdbcpt_20230615.1,24,d7936378462f699acb748b3ff276932dc33fd0a76e3ea9c2f77b3a22524c38d1
2023-06-16,marginalpdbcpt_20230616.1,https://www.omie.es/en/file-download?parents=marginalpdbcpt&filename=marginalpdbcpt_20230616.1,24,300b7868e46cecfaeb8584973c23e2830818fa49c9317a68704accf36ed8ca41
2023-06-17,marginalpdbcpt_20230617.1,https://www.omie.es/en/file-download?parents=marginalpdbcpt&filename=marginalpdbcpt_20230617.1,24,b0eb9de7d27ad77823b36c1a7906d53ea9113a7f438dafa21faa437ec21017a7
2023-06-18,marginalpdbcpt_20230618.1,https://www.omie.es/en/file-download?parents=marginalpdbcpt&filename=marginalpdbcpt_20230618.1,24,8f12c1567308d14c7e0b4bb12491e0d35023fd167043ce32e4d69b5241d2d9b2
2023-06-19,marginalpdbcpt_20230619.1,https://www.omie.es/en/file-download?parents=marginalpdbcpt&filename=marginalpdbcpt_20230619.1,24,eb252f559a5116dc88f2a4e6dc115500dac2cba679935fa891a8227b4431e7eb
2023-06-20,marginalpdbcpt_20230620.1,https://www.omie.es/en/file-download?parents=marginalpdbcpt&filename=marginalpdbcpt_20230620.1,24,67a0eaa753df59eae1e625127d75c52fb8438fa8efcf62a45532dd5fe65e02c8
2023-06-21,marginalpdbcpt_20230621.1,https://www.omie.es/en/file-download?parents=marginalpdbcpt&filename=marginalpdbcpt_20230621.1,24,33b6ca855d3d8785d9024b8d28fb04e048e352818dcf4d267470e85fc77d54d4
2023-06-22,marginalpdbcpt_20230622.1,https://www.omie.es/en/file-download?parents=marginalpdbcpt&filename=marginalpdbcpt_20230622.1,24,7ec390b9b87403ba848c9ec828c593fb9753bc2d77cd041e4930cbbdbe87640b
2023-06-23,marginalpdbcpt_20230623.1,https://www.omie.es/en/file-download?parents=marginalpdbcpt&filename=marginalpdbcpt_20230623.1,24,9e79e83a2df7fe93266edfc12e4af3f01a39bd8b335a6e84cd21dfa3712f6f83
2023-06-24,marginalpdbcpt_20230624.1,https://www.omie.es/en/file-download?parents=marginalpdbcpt&filename=marginalpdbcpt_20230624.1,24,576d799a779b6ea6aa715ddb7660b8054d7541f54916328ad9b5c2125074e658
2023-06-25,marginalpdbcpt_20230625.1,https://www.omie.es/en/file-download?parents=marginalpdbcpt&filename=marginalpdbcpt_20230625.1,24,d5a777eff06963cc96187858f1562fd6fcbb20372dd6f3761d1dec52e1ebde99
2023-06-26,marginalpdbcpt_20230626.1,https://www.omie.es/en/file-download?parents=marginalpdbcpt&filename=marginalpdbcpt_20230626.1,24,baa5372a3c4600f2f250735957122f3c279d2fe755c8d6cc225c6dee56ea7e32
2023-06-27,marginalpdbcpt_20230627.1,https://www.omie.es/en/file-download?parents=marginalpdbcpt&filename=marginalpdbcpt_20230627.1,24,d250a8c79cc5a48927a5f04837e4c7bcb3908d1870cf91d203d9af11625ddaa5
2023-06-28,marginalpdbcpt_20230628.1,https://www.omie.es/en/file-download?parents=marginalpdbcpt&filename=marginalpdbcpt_20230628.1,24,06799709295483d8be7fbdd84c952ef3e38a24831f873703647f5930961dae48
2023-06-29,marginalpdbcpt_20230629.1,https://www.omie.es/en/file-download?parents=marginalpdbcpt&filename=marginalpdbcpt_20230629.1,24,bf1375f7e4af9683cd96e3912ffc69f95feb95c24bbf9f327a86e58f0e6a3143
2023-06-30,marginalpdbcpt_20230630.1,https://www.omie.es/en/file-download?parents=marginalpdbcpt&filename=marginalpdbcpt_20230630.1,24,fa9825d372c7cda60dc8dbf84e8cd4e5363e15a6672930b8d37f731015367763
2023-07-01,marginalpdbcpt_20230701.1,https://www.omie.es/en/file-download?parents=marginalpdbcpt&filename=marginalpdbcpt_20230701.1,24,183ee1377162aff6a024f61d739ac69aefebe7604fb6f3fa3569d5ba115d54ba
2023-07-02,marginalpdbcpt_20230702.1,https://www.omie.es/en/file-download?parents=marginalpdbcpt&filename=marginalpdbcpt_20230702.1,24,140124ceb13c6050791dad7c18568fd7de1311156aafdd9550085bb289db2e69
2023-07-03,marginalpdbcpt_20230703.1,https://www.omie.es/en/file-download?parents=marginalpdbcpt&filename=marginalpdbcpt_20230703.1,24,93153fb5e52a7dd8297d5e4fb851e80781ebd2c370758c3a397f76ac9a75e8c9
2023-07-04,marginalpdbcpt_20230704.1,https://www.omie.es/en/file-download?parents=marginalpdbcpt&filename=marginalpdbcpt_20230704.1,24,1cc69e96371a22cc2e4a053dce7ec6aedc587c7d9bbad5a0725a548dd3f7a810
2023-07-05,marginalpdbcpt_20230705.1,https://www.omie.es/en/file-download?parents=marginalpdbcpt&filename=marginalpdbcpt_20230705.1,24,905531aaac6b7f8f40fe8ef0aed040ac2b7909adf37021174851d704e287fd08
2023-07-06,marginalpdbcpt_20230706.1,https://www.omie.es/en/file-download?parents=marginalpdbcpt&filename=marginalpdbcpt_20230706.1,24,b1ab1acbc484d7c5a167db3a8a69b519274c06e4e33d57cd2e092368c4c96348
2023-07-07,marginalpdbcpt_20230707.1,https://www.omie.es/en/file-download?parents=marginalpdbcpt&filename=marginalpdbcpt_20230707.1,24,4a65424cbf52ec14dc88f2c33d1cce8e0d07ea01c606c44612967ec5c086888e
2023-07-08,marginalpdbcpt_20230708.1,https://www.omie.es/en/file-download?parents=marginalpdbcpt&filename=marginalpdbcpt_20230708.1,24,03ddea65bc61afc53ec14a6cf377cfeb7ea92737af8b7df981a99bb69d959c91
2023-07-09,marginalpdbcpt_20230709.1,https://www.omie.es/en/file-download?parents=marginalpdbcpt&filename=marginalpdbcpt_20230709.1,24,144f75237840bc1c40175ba0781a04cdd98770ac8963986f2696c410a71a15f7
2023-07-10,marginalpdbcpt_20230710.1,https://www.omie.es/en/file-download?parents=marginalpdbcpt&filename=marginalpdbcpt_20230710.1,24,4a5062757e0dc48fc3852e8691454ec23cccceade6651c6565a8150c279a0ac8
2023-07-11,marginalpdbcpt_20230711.1,https://www.omie.es/en/file-download?parents=marginalpdbcpt&filename=marginalpdbcpt_20230711.1,24,9d1dbb4c99687bdcc5f276119882fc7d58a5ce08cd9ee5ab06c0af2df21a2306
2023-07-12,marginalpdbcpt_20230712.1,https://www.omie.es/en/file-download?parents=marginalpdbcpt&filename=marginalpdbcpt_20230712.1,24,89fc605e3a612daa5d35bed2fbc3c58ff88598155efa19bfde35d749cbdbf4e4
2023-07-13,marginalpdbcpt_20230713.1,https://www.omie.es/en/file-download?parents=marginalpdbcpt&filename=marginalpdbcpt_20230713.1,24,4472c53b2321ef0e01740ab5c4e1d132fdb3b9cc22497a9ff2a3924038fd51d0
2023-07-14,marginalpdbcpt_20230714.1,https://www.omie.es/en/file-download?parents=marginalpdbcpt&filename=marginalpdbcpt_20230714.1,24,1cf7dc25984400109f02dd0a674ac02ec84d8ea09beea2f2d0ac19c6d187eea0
2023-07-15,marginalpdbcpt_20230715.1,https://www.omie.es/en/file-download?parents=marginalpdbcpt&filename=marginalpdbcpt_20230715.1,24,2387071fbd046984c3cb2d753f41c31b6e23b423cffc25e1e698fb01fdf24ba1
2023-07-16,marginalpdbcpt_20230716.1,https://www.omie.es/en/file-download?parents=marginalpdbcpt&filename=marginalpdbcpt_20230716.1,24,65dda909f644c45b8b102fe690e8c7f92ac2a084813776ea4292f4816eb06024
2023-07-17,marginalpdbcpt_20230717.1,https://www.omie.es/en/file-download?parents=marginalpdbcpt&filename=marginalpdbcpt_20230717.1,24,39425a6ff863ee5243fe9e0ce7c9b047ec259d0d0bff07fdef3b4caee6bd253d
2023-07-18,marginalpdbcpt_20230718.1,https://www.omie.es/en/file-download?parents=marginalpdbcpt&filename=marginalpdbcpt_20230718.1,24,5b4a484cc1ec98dec09524aa3d1800a3c2323fb3b9170fe683d8108c0d8c947a
2023-07-19,marginalpdbcpt_20230719.1,https://www.omie.es/en/file-download?parents=marginalpdbcpt&filename=marginalpdbcpt_20230719.1,24,74cce188dbe22edf19e044ca4e53f4a18bc3bf54a11cbcb85d78a2ad5f8791d5
2023-07-20,marginalpdbcpt_20230720.1,https://www.omie.es/en/file-download?parents=marginalpdbcpt&filename=marginalpdbcpt_20230720.1,24,150f5d4552c509e09c108284114e750090abbc2c9fe8eab96faf8444c965d144
2023-07-21,marginalpdbcpt_20230721.1,https://www.omie.es/en/file-download?parents=marginalpdbcpt&filename=marginalpdbcpt_20230721.1,24,dfef72bca8fe914580433c95a39cda6a3d818e363524168a6787cc1f7594b183
2023-07-22,marginalpdbcpt_20230722.1,https://www.omie.es/en/file-download?parents=marginalpdbcpt&filename=marginalpdbcpt_20230722.1,24,aa5be6b52cd706f11ebfd53f79d023de69925680b2552d8acfe49d39234b1d7b
2023-07-23,marginalpdbcpt_20230723.1,https://www.omie.es/en/file-download?parents=marginalpdbcpt&filename=marginalpdbcpt_20230723.1,24,7d0b1c9ad03c6e18d3b7c9df1bdf83faeefed93f5419618823d5691f54d66ede
2023-07-24,marginalpdbcpt_20230724.1,https://www.omie.es/en/file-download?parents=marginalpdbcpt&filename=marginalpdbcpt_20230724.1,24,01ae3feae7afaf01156b307b68141d6ee3fbc2cdf06e98ea2b9d485ed444af94
2023-07-25,marginalpdbcpt_20230725.1,https://www.omie.es/en/file-download?parents=marginalpdbcpt&filename=marginalpdbcpt_20230725.1,24,9acc037708fcf010053a38cdb99b19e87461895a737e01e007fc1e34d027b6bf
2023-07-26,marginalpdbcpt_20230726.1,https://www.omie.es/en/file-download?parents=marginalpdbcpt&filename=marginalpdbcpt_20230726.1,24,3a38a4d3ca73b6d1c1f0656cb83402398194277de9891a92da43c3c9506e0dea
2023-07-27,marginalpdbcpt_20230727.1,https://www.omie.es/en/file-download?parents=marginalpdbcpt&filename=marginalpdbcpt_20230727.1,24,3398cb3eaed0dfc1e24ec89321b6ec02e628f04f16ba3071bc1092d040a6dc03
2023-07-28,marginalpdbcpt_20230728.1,https://www.omie.es/en/file-download?parents=marginalpdbcpt&filename=marginalpdbcpt_20230728.1,24,7a98a21b91db2d8bd87d3ffe135acce11210e0eb85a4cb2bed96355158058eb1
2023-07-29,marginalpdbcpt_20230729.1,https://www.omie.es/en/file-download?parents=marginalpdbcpt&filename=marginalpdbcpt_20230729.1,24,d0b54a5babe1e650da6aa079da9839275fa2f62166db2adef5ab7b47ef023b9c
2023-07-30,marginalpdbcpt_20230730.1,https://www.omie.es/en/file-download?parents=marginalpdbcpt&filename=marginalpdbcpt_20230730.1,24,7a538e3f1e58fbc96050dece22420ed19a84198558eb991fb84b3af83cde8c27
2023-07-31,marginalpdbcpt_20230731.1,https://www.omie.es/en/file-download?parents=marginalpdbcpt&filename=marginalpdbcpt_20230731.1,24,f7cebdcd34bad2bb3c659ee173f323d9cd5cab893cf649c3e700afb2d945c75f
2023-08-01,marginalpdbcpt_20230801.1,https://www.omie.es/en/file-download?parents=marginalpdbcpt&filename=marginalpdbcpt_20230801.1,24,7b36d4af2c585e78521b1e504bc3fe42fed6685b04b73f101385bc5d2bc908f9
2023-08-02,marginalpdbcpt_20230802.1,https://www.omie.es/en/file-download?parents=marginalpdbcpt&filename=marginalpdbcpt_20230802.1,24,5c96db2884aed67afb776c8d95f091689c482d0d531c03de5b243d2e0f98d352
2023-08-03,marginalpdbcpt_20230803.1,https://www.omie.es/en/file-download?parents=marginalpdbcpt&filename=marginalpdbcpt_20230803.1,24,ebad348b9f4295e5efc9d003ef9314644478cc32af351b22c7a4c1c2508b5f98
2023-08-04,marginalpdbcpt_20230804.1,https://www.omie.es/en/file-download?parents=marginalpdbcpt&filename=marginalpdbcpt_20230804.1,24,fccd550570672e89869870275ee4fdcbfc52efa9b61d0f2a2c40d75ea8abff0d
2023-08-05,marginalpdbcpt_20230805.1,https://www.omie.es/en/file-download?parents=marginalpdbcpt&filename=marginalpdbcpt_20230805.1,24,344f27e2e1bda36c686b8808a96be9737d4d0dccb437105bbfe1d31ac2127475
2023-08-06,marginalpdbcpt_20230806.1,https://www.omie.es/en/file-download?parents=marginalpdbcpt&filename=marginalpdbcpt_20230806.1,24,faa0d1cddf3fe3cf6691e3e34c0b01e9ff47301d15e4bc41772cbc471cdedd2d
2023-08-07,marginalpdbcpt_20230807.1,https://www.omie.es/en/file-download?parents=marginalpdbcpt&filename=marginalpdbcpt_20230807.1,24,c9663813afc8bdf6ecf82d253907c94a8d4d0fe739a17f76d887caf5aefe43d1
2023-08-08,marginalpdbcpt_20230808.1,https://www.omie.es/en/file-download?parents=marginalpdbcpt&filename=marginalpdbcpt_20230808.1,24,bb46b6737d6c46b4404851be90357d1119af05eb206480415811a1f05b4cd6e1
2023-08-09,marginalpdbcpt_20230809.1,https://www.omie.es/en/file-download?parents=marginalpdbcpt&filename=marginalpdbcpt_20230809.1,24,03dca8419f9db3f7cb7661c0b58d07bd0e3dcfb31dd3ab438a4ca24849b5eb54
2023-08-10,marginalpdbcpt_20230810.1,https://www.omie.es/en/file-download?parents=marginalpdbcpt&filename=marginalpdbcpt_20230810.1,24,df7561dd153656ff4e6105d81de79b79a0d13697cb9b772e7cc10c06ef2e73d4
2023-08-11,marginalpdbcpt_20230811.1,https://www.omie.es/en/file-download?parents=marginalpdbcpt&filename=marginalpdbcpt_20230811.1,24,b16ab35bf8f2e29f9151bf0b2c33653ed8ab702741291b7a87497d4b964deab0
2023-08-12,marginalpdbcpt_20230812.1,https://www.omie.es/en/file-download?parents=marginalpdbcpt&filename=marginalpdbcpt_20230812.1,24,fced6f38d8a8e3ce7548f4bebc31aaf8dfa973f7b6daf9407e2543daed145164
2023-08-13,marginalpdbcpt_20230813.1,https://www.omie.es/en/file-download?parents=marginalpdbcpt&filename=marginalpdbcpt_20230813.1,24,31e8842b8ad4dc5b36c21d771345f5eabfa1d99ba259096773c18ba2beece8eb
2023-08-14,marginalpdbcpt_20230814.1,https://www.omie.es/en/file-download?parents=marginalpdbcpt&filename=marginalpdbcpt_20230814.1,24,ff3e368e43ae181edc0897c0f4472c4b3d3104b62c9f1d31b5b6aa4647d563ab
2023-08-15,marginalpdbcpt_20230815.1,https://www.omie.es/en/file-download?parents=marginalpdbcpt&filename=marginalpdbcpt_20230815.1,24,2797846dd6fece9ff3d14cc9b9e99e08a0cd830e71d72f767344aef40cc80483
2023-08-16,marginalpdbcpt_20230816.1,https://www.omie.es/en/file-download?parents=marginalpdbcpt&filename=marginalpdbcpt_20230816.1,24,eacb38d680384aabb8158be2cabb4bef0f31a505958a768d956d473db953e4be
2023-08-17,marginalpdbcpt_20230817.1,https://www.omie.es/en/file-download?parents=marginalpdbcpt&filename=marginalpdbcpt_20230817.1,24,a95917c3b75c8fbbb30be40bdaa07b51e0fd9d6e0b2601af06a4b0ce21ef3814
2023-08-18,marginalpdbcpt_20230818.1,https://www.omie.es/en/file-download?parents=marginalpdbcpt&filename=marginalpdbcpt_20230818.1,24,9eeb473fba8f93417856a6016f9ebf484a2bc3059eab6156fb19083b63d4d98a
2023-08-19,marginalpdbcpt_20230819.1,https://www.omie.es/en/file-download?parents=marginalpdbcpt&filename=marginalpdbcpt_20230819.1,24,07893eb0dff9db293745134dfb8131c828220a74bad31f91e3d1825d3de0b493
2023-08-20,marginalpdbcpt_20230820.1,https://www.omie.es/en/file-download?parents=marginalpdbcpt&filename=marginalpdbcpt_20230820.1,24,e13ceca9109dcfb512996378dd1e468d7ee7c9ffb3cc38f503b2b195ab563ba3
2023-08-21,marginalpdbcpt_20230821.1,https://www.omie.es/en/file-download?parents=marginalpdbcpt&filename=marginalpdbcpt_20230821.1,24,906096ee64395cdb45572fd5934ccf2fa9c48149be630f14e42d8fce94fcdf3e
2023-08-22,marginalpdbcpt_20230822.1,https://www.omie.es/en/file-download?parents=marginalpdbcpt&filename=marginalpdbcpt_20230822.1,24,2144d90a753a8d531c031308d0e4b68f3829342307a75c396ff52b889f3a343c
2023-08-23,marginalpdbcpt_20230823.1,https://www.omie.es/en/file-download?parents=marginalpdbcpt&filename=marginalpdbcpt_20230823.1,24,95199c7685f03fa0d64d0320b0497b2bf3408f205ed1b6464137f45cad2d9af5
2023-08-24,marginalpdbcpt_20230824.1,https://www.omie.es/en/file-download?parents=marginalpdbcpt&filename=marginalpdbcpt_20230824.1,24,b879263b105f839d197bf0f508a7cddf28e0ff3d03ea7825cef93cffbfb6c5b3
2023-08-25,marginalpdbcpt_20230825.1,https://www.omie.es/en/file-download?parents=marginalpdbcpt&filename=marginalpdbcpt_20230825.1,24,847e4a0c572fab1360e1957e299a60fab657242956d375a37f5a01694e67520f
2023-08-26,marginalpdbcpt_20230826.1,https://www.omie.es/en/file-download?parents=marginalpdbcpt&filename=marginalpdbcpt_20230826.1,24,30996c53cb7dabeac2ffa432687825e253bfccf36644271fb87c6c1b0a71213e
2023-08-27,marginalpdbcpt_20230827.1,https://www.omie.es/en/file-download?parents=marginalpdbcpt&filename=marginalpdbcpt_20230827.1,24,d097e78a3da3cf52ede2f0f8b756178b90bcca68d4057725638b5d9b92c23eb2
2023-08-28,marginalpdbcpt_20230828.1,https://www.omie.es/en/file-download?parents=marginalpdbcpt&filename=marginalpdbcpt_20230828.1,24,1f757f2ced2f7b88321907ca5c83b72a5128b74b334d3cef4c75837f9f710420
2023-08-29,marginalpdbcpt_20230829.1,https://www.omie.es/en/file-download?parents=marginalpdbcpt&filename=marginalpdbcpt_20230829.1,24,28090382d302cbb92fc16d8210198cc789a4818bb3c786cce07d60804cda61e3
2023-08-30,marginalpdbcpt_20230830.1,https://www.omie.es/en/file-download?parents=marginalpdbcpt&filename=marginalpdbcpt_20230830.1,24,a7496df5b7c60025c26385846edb30935589e8d52f672fe89009eaf618353a83
2023-08-31,marginalpdbcpt_20230831.1,https://www.omie.es/en/file-download?parents=marginalpdbcpt&filename=marginalpdbcpt_20230831.1,24,5b015662cccd2301beba4ebd900411ff201fefd1786e8a4d8b930d032353681e
2023-09-01,marginalpdbcpt_20230901.1,https://www.omie.es/en/file-download?parents=marginalpdbcpt&filename=marginalpdbcpt_20230901.1,24,87532a6a1431cba518fed0bd6b4bd0c3558127b307b96ba9b076027ed90fdadf
2023-09-02,marginalpdbcpt_20230902.1,https://www.omie.es/en/file-download?parents=marginalpdbcpt&filename=marginalpdbcpt_20230902.1,24,12f8d7e5e5add33fd80ade60f0ad02774c366db6b46ac5f6d98ff2175b31f78b
2023-09-03,marginalpdbcpt_20230903.1,https://www.omie.es/en/file-download?parents=marginalpdbcpt&filename=marginalpdbcpt_20230903.1,24,4174187ec0053a5df6ad73a7dd83a0b648b014b875547b72f25f8686a245445c
2023-09-04,marginalpdbcpt_20230904.1,https://www.omie.es/en/file-download?parents=marginalpdbcpt&filename=marginalpdbcpt_20230904.1,24,38952a64f069a74710a383fc6eed1224ce1f1d32adc2b86b42f38acb269fd58c
2023-09-05,marginalpdbcpt_20230905.1,https://www.omie.es/en/file-download?parents=marginalpdbcpt&filename=marginalpdbcpt_20230905.1,24,8fb362a472f280ae51d408cf73eea4f0819430ba98fd1399fbbe82aeb91294f6
2023-09-06,marginalpdbcpt_20230906.1,https://www.omie.es/en/file-download?parents=marginalpdbcpt&filename=marginalpdbcpt_20230906.1,24,683b7e48815e2b2b699a5e7880a80ee924e6b05707977e39a1828ab405e5cba2
2023-09-07,marginalpdbcpt_20230907.1,https://www.omie.es/en/file-download?parents=marginalpdbcpt&filename=marginalpdbcpt_20230907.1,24,8b3c8d56e79d10e9b52ccb95ec9ffb75e1ce923fa65fe3ade71466aa7d25a685
2023-09-08,marginalpdbcpt_20230908.1,https://www.omie.es/en/file-download?parents=marginalpdbcpt&filename=marginalpdbcpt_20230908.1,24,825bbefb086395eb6dd182676b761b3a320497fb0c9d9731de6938248671154d
2023-09-09,marginalpdbcpt_20230909.1,https://www.omie.es/en/file-download?parents=marginalpdbcpt&filename=marginalpdbcpt_20230909.1,24,c3fb571c074c0bc964bca02782622a6b40c7f1b71bb4cffc1a8a370f186da770
2023-09-10,marginalpdbcpt_20230910.1,https://www.omie.es/en/file-download?parents=marginalpdbcpt&filename=marginalpdbcpt_20230910.1,24,8095c10427b3f627bcd6288ad691aa7c158fe89bfc2769a9f929f7e22ccd8680
2023-09-11,marginalpdbcpt_20230911.1,https://www.omie.es/en/file-download?parents=marginalpdbcpt&filename=marginalpdbcpt_20230911.1,24,8f73b6ab19efb7ed4da24860f40a23a5167ab5b28b950d9c12571bf230032989
2023-09-12,marginalpdbcpt_20230912.1,https://www.omie.es/en/file-download?parents=marginalpdbcpt&filename=marginalpdbcpt_20230912.1,24,f8ce8d53be8d5580cc158695e23429396a707fa4e838557b4671c68c56729c94
2023-09-13,marginalpdbcpt_20230913.1,https://www.omie.es/en/file-download?parents=marginalpdbcpt&filename=marginalpdbcpt_20230913.1,24,a98421b0851a8a5d79f41b00b2da557cd9b9097efdcac608a1d2929a6798feb8
2023-09-14,marginalpdbcpt_20230914.1,https://www.omie.es/en/file-download?parents=marginalpdbcpt&filename=marginalpdbcpt_20230914.1,24,09828d1bbcdf92afc759d4bb5ded2a9fc32e6467f2ff00516c5f8e995939c7d5
2023-09-15,marginalpdbcpt_20230915.1,https://www.omie.es/en/file-download?parents=marginalpdbcpt&filename=marginalpdbcpt_20230915.1,24,2d6b1b963310a2c93ef877b93ed823ebc592f22a5585fd5808f12a963ff2b6ca
2023-09-16,marginalpdbcpt_20230916.1,https://www.omie.es/en/file-download?parents=marginalpdbcpt&filename=marginalpdbcpt_20230916.1,24,104afaa384eb1750664a7dd59d6e554fcdd8f0c264ba4c428e9f6fa20388d86a
2023-09-17,marginalpdbcpt_20230917.1,https://www.omie.es/en/file-download?parents=marginalpdbcpt&filename=marginalpdbcpt_20230917.1,24,f02b5e13a50d9ecc3924ca524e5784224d699ace13f32edfeb62168de67af199
2023-09-18,marginalpdbcpt_20230918.1,https://www.omie.es/en/file-download?parents=marginalpdbcpt&filename=marginalpdbcpt_20230918.1,24,ef883bb4cd07fa30c693e330803e63b0e1625f99a0d67ce919ccdfa2f834a694
2023-09-19,marginalpdbcpt_20230919.1,https://www.omie.es/en/file-download?parents=marginalpdbcpt&filename=marginalpdbcpt_20230919.1,24,75511fa530ef881f041475516f116076552d637f1c2c44676cfd27e1cb0ef1f0
2023-09-20,marginalpdbcpt_20230920.1,https://www.omie.es/en/file-download?parents=marginalpdbcpt&filename=marginalpdbcpt_20230920.1,24,baec0a8aa8a8cbd4b87eb46f8089fc9ec6f60cc4ded0b52b4006decc741c7a87
2023-09-21,marginalpdbcpt_20230921.1,https://www.omie.es/en/file-download?parents=marginalpdbcpt&filename=marginalpdbcpt_20230921.1,24,6d52ffb15375a821dc9cc884e230dd54e5554e92cd9a5ab8c0070df9339dd41d
2023-09-22,marginalpdbcpt_20230922.1,https://www.omie.es/en/file-download?parents=marginalpdbcpt&filename=marginalpdbcpt_20230922.1,24,ef78366cc7e4a57b535e8e12c75fcff1b1c872dfd3690f116f83cd5c684e0621
2023-09-23,marginalpdbcpt_20230923.1,https://www.omie.es/en/file-download?parents=marginalpdbcpt&filename=marginalpdbcpt_20230923.1,24,195b34df0b6a556454bb4b6f9a56299ac9a796efc1223bf831202ea570a449f0
2023-09-24,marginalpdbcpt_20230924.1,https://www.omie.es/en/file-download?parents=marginalpdbcpt&filename=marginalpdbcpt_20230924.1,24,12adcffb6748e87383558a670286a40e8fe75c7be42ece9ff45c84c591284c3c
2023-09-25,marginalpdbcpt_20230925.1,https://www.omie.es/en/file-download?parents=marginalpdbcpt&filename=marginalpdbcpt_20230925.1,24,ed1724891b23f075f0e4a74490e56f275bd27eca6ca97beb68121f4dfdd1bad0
2023-09-26,marginalpdbcpt_20230926.1,https://www.omie.es/en/file-download?parents=marginalpdbcpt&filename=marginalpdbcpt_20230926.1,24,70f155313de943876389967a74fabff42b4227053b84139a17dad85e207416b4
2023-09-27,marginalpdbcpt_20230927.1,https://www.omie.es/en/file-download?parents=marginalpdbcpt&filename=marginalpdbcpt_20230927.1,24,762a816f3a2b6ddb08b071e1c3fae92552c1b4bb4214851c40f0a4c2c2ab7d53
2023-09-28,marginalpdbcpt_20230928.1,https://www.omie.es/en/file-download?parents=marginalpdbcpt&filename=marginalpdbcpt_20230928.1,24,7f4251783d8b8f8a2b624651de769104180eaa02a04f631f69e55ce92d924659
2023-09-29,marginalpdbcpt_20230929.1,https://www.omie.es/en/file-download?parents=marginalpdbcpt&filename=marginalpdbcpt_20230929.1,24,6a473797fb962f96cd77b3e592ed0c386a3ba7ba442d77b462cc78b7c92500d6
2023-09-30,marginalpdbcpt_20230930.1,https://www.omie.es/en/file-download?parents=marginalpdbcpt&filename=marginalpdbcpt_20230930.1,24,3cb3d2881c9de46a06f930421b37ec4a0fa53f5a59b1778d74b313147520235a
2023-10-01,marginalpdbcpt_20231001.1,https://www.omie.es/en/file-download?parents=marginalpdbcpt&filename=marginalpdbcpt_20231001.1,24,68baf2b28440c935d1c560a638f2bf34816376e3732f6ac57b92c59b671d6b39
2023-10-02,marginalpdbcpt_20231002.1,https://www.omie.es/en/file-download?parents=marginalpdbcpt&filename=marginalpdbcpt_20231002.1,24,d8dd0373b961c88e00d1c6d08fe8066a528a0695cb2ef862dc7f951ed6e45c46
2023-10-03,marginalpdbcpt_20231003.1,https://www.omie.es/en/file-download?parents=marginalpdbcpt&filename=marginalpdbcpt_20231003.1,24,d5e3db298c9e3ff862c7db6675a30be4900bc7f34494fcfdb08cd3c8c9d9953d
2023-10-04,marginalpdbcpt_20231004.1,https://www.omie.es/en/file-download?parents=marginalpdbcpt&filename=marginalpdbcpt_20231004.1,24,1cdb65b00fef0d8e08a1a68f14d98575704e775f51f7bb7778f2dc6b30b6ea45
2023-10-05,marginalpdbcpt_20231005.1,https://www.omie.es/en/file-download?parents=marginalpdbcpt&filename=marginalpdbcpt_20231005.1,24,05b2c6a3e9ea2da0d37f3ddc8d1deb1ed60e438240504dd207cf11d813fa4061
2023-10-06,marginalpdbcpt_20231006.1,https://www.omie.es/en/file-download?parents=marginalpdbcpt&filename=marginalpdbcpt_20231006.1,24,0422e839dbf5fb44f9a509585a92c98db22ea4ed2671f70cb36ea88c026f17ed
2023-10-07,marginalpdbcpt_20231007.1,https://www.omie.es/en/file-download?parents=marginalpdbcpt&filename=marginalpdbcpt_20231007.1,24,302ecab1a86e2f1a8f5d730d828c68f42982972e887804228bdff383374a91ed
2023-10-08,marginalpdbcpt_20231008.1,https://www.omie.es/en/file-download?parents=marginalpdbcpt&filename=marginalpdbcpt_20231008.1,24,a99c48ecae2fcd0f89c879892320a2160278ab98841f598ee695166f5c4780c4
2023-10-09,marginalpdbcpt_20231009.1,https://www.omie.es/en/file-download?parents=marginalpdbcpt&filename=marginalpdbcpt_20231009.1,24,35f03757a6dfe55bd980a9fd18597f338f790933817fae74129b01ec803c3c56
2023-10-10,marginalpdbcpt_20231010.1,https://www.omie.es/en/file-download?parents=marginalpdbcpt&filename=marginalpdbcpt_20231010.1,24,81996c41f94b35f7297cfdc46f1cb337341cbbbf8555a9acc2b19beabb73bd4f
2023-10-11,marginalpdbcpt_20231011.1,https://www.omie.es/en/file-download?parents=marginalpdbcpt&filename=marginalpdbcpt_20231011.1,24,744ceb018564248a3e132e8cab26e8e89d65938e937eb9f24b7f56d46afbd6ad
2023-10-12,marginalpdbcpt_20231012.1,https://www.omie.es/en/file-download?parents=marginalpdbcpt&filename=marginalpdbcpt_20231012.1,24,fc165b211929cc0ca60397d805a70931b059ebb5964e527f8555e42ca3e39d90
2023-10-13,marginalpdbcpt_20231013.1,https://www.omie.es/en/file-download?parents=marginalpdbcpt&filename=marginalpdbcpt_20231013.1,24,c9b8ae872053b6ff6acf61335f8715ca719d91c7bb5e88ed0763844e7a0777cf
2023-10-14,marginalpdbcpt_20231014.1,https://www.omie.es/en/file-download?parents=marginalpdbcpt&filename=marginalpdbcpt_20231014.1,24,0207fc67bc663c385a79a179a4104e20907134bbf0c3904195a57067a4a2bfbd
2023-10-15,marginalpdbcpt_20231015.1,https://www.omie.es/en/file-download?parents=marginalpdbcpt&filename=marginalpdbcpt_20231015.1,24,b17da5faf3cb21241172e72ff9420eec3782634f43793076b5e150d852ef82d7
2023-10-16,marginalpdbcpt_20231016.1,https://www.omie.es/en/file-download?parents=marginalpdbcpt&filename=marginalpdbcpt_20231016.1,24,ad02feee3648b11be3d85a4ce40b4342952a355f402470b0f5aa4b6d21e2db6d
2023-10-17,marginalpdbcpt_20231017.1,https://www.omie.es/en/file-download?parents=marginalpdbcpt&filename=marginalpdbcpt_20231017.1,24,5b5a8f0e5ae704400c46c00fadb369642ded95496716b1a8caa102310d44934b
2023-10-18,marginalpdbcpt_20231018.1,https://www.omie.es/en/file-download?parents=marginalpdbcpt&filename=marginalpdbcpt_20231018.1,24,06478828ea4d8adac94326b7e39a59b9a3af3d927908f0410d938607c943e219
2023-10-19,marginalpdbcpt_20231019.1,https://www.omie.es/en/file-download?parents=marginalpdbcpt&filename=marginalpdbcpt_20231019.1,24,6b6056b78fddc45ee7e40e306495cbd78773881ea194cea62d944d73edd5c503
2023-10-20,marginalpdbcpt_20231020.1,https://www.omie.es/en/file-download?parents=marginalpdbcpt&filename=marginalpdbcpt_20231020.1,24,bf039f631c4b741ce5c59c1882166346781916016f554680aaa22322e231a3f7
2023-10-21,marginalpdbcpt_20231021.1,https://www.omie.es/en/file-download?parents=marginalpdbcpt&filename=marginalpdbcpt_20231021.1,24,9c136d7fdfa770d6e20b63b938280b1fae0a8fd556cc2e9102bc4aeca593b135
2023-10-22,marginalpdbcpt_20231022.1,https://www.omie.es/en/file-download?parents=marginalpdbcpt&filename=marginalpdbcpt_20231022.1,24,fc1f7b36d8da9d2b95119b3d3f3cf49107f16338214e6d2ccbd19ec40cd15fd5
2023-10-23,marginalpdbcpt_20231023.1,https://www.omie.es/en/file-download?parents=marginalpdbcpt&filename=marginalpdbcpt_20231023.1,24,df6d177f71c2838aeb8fadab386d3ce0de36f3818a3d95186c5d1ab381006ac7
2023-10-24,marginalpdbcpt_20231024.1,https://www.omie.es/en/file-download?parents=marginalpdbcpt&filename=marginalpdbcpt_20231024.1,24,6926bb845d34cdc718363c6d7019870b8b7630e85a7b4273ea659ede9058d6dd
2023-10-25,marginalpdbcpt_20231025.1,https://www.omie.es/en/file-download?parents=marginalpdbcpt&filename=marginalpdbcpt_20231025.1,24,736ab5551588acfe1548924dfa65bd59baa4d4b34a6a96c3843144fed7b52b86
2023-10-26,marginalpdbcpt_20231026.1,https://www.omie.es/en/file-download?parents=marginalpdbcpt&filename=marginalpdbcpt_20231026.1,24,3c25b63d1e992d2af6e386e0423a7e3d59b95b3e7468c4d5ee9dd6fec23b3558
2023-10-27,marginalpdbcpt_20231027.1,https://www.omie.es/en/file-download?parents=marginalpdbcpt&filename=marginalpdbcpt_20231027.1,24,1a69de51ba1c90b20c97bd89f291c694a790ce15c9ccad265fd2fc17522e5e21
2023-10-28,marginalpdbcpt_20231028.1,https://www.omie.es/en/file-download?parents=marginalpdbcpt&filename=marginalpdbcpt_20231028.1,24,304c18f3862121aa5f5928ace3f2ccd0815b0c617264a53295c6b54e690d49ba
2023-10-29,marginalpdbcpt_20231029.1,https://www.omie.es/en/file-download?parents=marginalpdbcpt&filename=marginalpdbcpt_20231029.1,25,262f33d40707a0ab05815e13690933b34b177169bc981a730320c26609698e7d
2023-10-30,marginalpdbcpt_20231030.1,https://www.omie.es/en/file-download?parents=marginalpdbcpt&filename=marginalpdbcpt_20231030.1,24,aa8cc5836abbd325c7193cad74462900901332f7e989ae8165ea3094fdb3c7bd
2023-10-31,marginalpdbcpt_20231031.1,https://www.omie.es/en/file-download?parents=marginalpdbcpt&filename=marginalpdbcpt_20231031.1,24,afa9fe2eba4768f6ae144aa97fef71fed2300ff3933b6dbcba25f4ef973dd1ed
2023-11-01,marginalpdbcpt_20231101.1,https://www.omie.es/en/file-download?parents=marginalpdbcpt&filename=marginalpdbcpt_20231101.1,24,fa1ca8fcfee2416466784320571510f4a2af6b53ec63f96a0e968de0eb0b75b9
2023-11-02,marginalpdbcpt_20231102.1,https://www.omie.es/en/file-download?parents=marginalpdbcpt&filename=marginalpdbcpt_20231102.1,24,0f65089045892a7862ea8cb8992dfd138186c6c01108284bc583289ab890ca6b
2023-11-03,marginalpdbcpt_20231103.1,https://www.omie.es/en/file-download?parents=marginalpdbcpt&filename=marginalpdbcpt_20231103.1,24,c382dee5b0983b6b909cc7faead31a0c32b23df1b4db6c1e8b72bc38485d8c57
2023-11-04,marginalpdbcpt_20231104.1,https://www.omie.es/en/file-download?parents=marginalpdbcpt&filename=marginalpdbcpt_20231104.1,24,e52570400edc6e1167f8f057396e20bfa1c90ba227529a1c548360b30ad7269b
2023-11-05,marginalpdbcpt_20231105.1,https://www.omie.es/en/file-download?parents=marginalpdbcpt&filename=marginalpdbcpt_20231105.1,24,5c4dc53c7054f8d6fde5ada9591d0d715df7dcf0f86690ac502659e3e8d19c0e
2023-11-06,marginalpdbcpt_20231106.1,https://www.omie.es/en/file-download?parents=marginalpdbcpt&filename=marginalpdbcpt_20231106.1,24,d14eadbe84110e18f34aa41c37ebc477712b92817caf67998194bd86e6714362
2023-11-07,marginalpdbcpt_20231107.1,https://www.omie.es/en/file-download?parents=marginalpdbcpt&filename=marginalpdbcpt_20231107.1,24,08f5eb4b3b2d3f1cc68a324f11166f3fb5f0177aacf21c40ccc9c08530e18a7c
2023-11-08,marginalpdbcpt_20231108.1,https://www.omie.es/en/file-download?parents=marginalpdbcpt&filename=marginalpdbcpt_20231108.1,24,bfe22f6a1d70c9be13e38a918afe7f91f91f961e040a7f9317cd32d7e7b8b8e7
2023-11-09,marginalpdbcpt_20231109.1,https://www.omie.es/en/file-download?parents=marginalpdbcpt&filename=marginalpdbcpt_20231109.1,24,4f656f775bef37a71fef5ac26f468b72ef9d3adcf52b8e43df07c699ee48bd9d
2023-11-10,marginalpdbcpt_20231110.1,https://www.omie.es/en/file-download?parents=marginalpdbcpt&filename=marginalpdbcpt_20231110.1,24,9cce7ad197e2317697c9ba35a089491e952721441b9e2381e168b598d4ea31ca
2023-11-11,marginalpdbcpt_20231111.1,https://www.omie.es/en/file-download?parents=marginalpdbcpt&filename=marginalpdbcpt_20231111.1,24,bb8250bc95f4d057c61d3515b850fdb57ca6b05fb56e5a300c907f647e68a005
2023-11-12,marginalpdbcpt_20231112.1,https://www.omie.es/en/file-download?parents=marginalpdbcpt&filename=marginalpdbcpt_20231112.1,24,d39ec07b2ebc74404b52f43ceae62e6bf03a68e4ff3a790092eb3ec5899710aa
2023-11-13,marginalpdbcpt_20231113.1,https://www.omie.es/en/file-download?parents=marginalpdbcpt&filename=marginalpdbcpt_20231113.1,24,9a7fa3f5cd01ec00ad93d825eb68a049c8160ffba2789d61ac51540c0b93844e
2023-11-14,marginalpdbcpt_20231114.1,https://www.omie.es/en/file-download?parents=marginalpdbcpt&filename=marginalpdbcpt_20231114.1,24,49538734bac44cc1a830e4b498741012b9a3593801fc74019bdc8af2b3190ecb
2023-11-15,marginalpdbcpt_20231115.1,https://www.omie.es/en/file-download?parents=marginalpdbcpt&filename=marginalpdbcpt_20231115.1,24,a8b340a842e2647d6f50947e1f07f32f7ede3066dffee079cf5ea1f9dfe010cb
2023-11-16,marginalpdbcpt_20231116.1,https://www.omie.es/en/file-download?parents=marginalpdbcpt&filename=marginalpdbcpt_20231116.1,24,3c5e8f703a640844a7260170980cbcf260d5fa7028dfbfaf4a39969ec13e4d9b
2023-11-17,marginalpdbcpt_20231117.1,https://www.omie.es/en/file-download?parents=marginalpdbcpt&filename=marginalpdbcpt_20231117.1,24,d4b08bf721499063c32f5ba810de68e4271f04fd5b3abfdd1b8f9cf53a1e6cc0
2023-11-18,marginalpdbcpt_20231118.1,https://www.omie.es/en/file-download?parents=marginalpdbcpt&filename=marginalpdbcpt_20231118.1,24,a951bf5857d9f4c33fc4761d32dad32f878912bba4cd7caac803ea362c3d4df3
2023-11-19,marginalpdbcpt_20231119.1,https://www.omie.es/en/file-download?parents=marginalpdbcpt&filename=marginalpdbcpt_20231119.1,24,cf56685f4644d3a51b2b24e5acffe4bc0eca47a66bace470126729ba894d61d7
2023-11-20,marginalpdbcpt_20231120.1,https://www.omie.es/en/file-download?parents=marginalpdbcpt&filename=marginalpdbcpt_20231120.1,24,3e32aef7cf1134455d34b2c4391a27fd8342e800ad7857e2116b9d103d344996
2023-11-21,marginalpdbcpt_20231121.1,https://www.omie.es/en/file-download?parents=marginalpdbcpt&filename=marginalpdbcpt_20231121.1,24,caec69a8a75ea309063f899c27504a619086b1fca46d6aadca4ab8a7b3adc611
2023-11-22,marginalpdbcpt_20231122.1,https://www.omie.es/en/file-download?parents=marginalpdbcpt&filename=marginalpdbcpt_20231122.1,24,8f453e777cb1b2f187b130868e664e077b04d52e66f71ecd70a51de1922cd143
2023-11-23,marginalpdbcpt_20231123.1,https://www.omie.es/en/file-download?parents=marginalpdbcpt&filename=marginalpdbcpt_20231123.1,24,27c80ef82cf89d3470d26a6bf1b8a99bcfcb601c93b3f4b8e0b67528f594a5cc
2023-11-24,marginalpdbcpt_20231124.1,https://www.omie.es/en/file-download?parents=marginalpdbcpt&filename=marginalpdbcpt_20231124.1,24,964243614742cebbfc2b27571aa864afe05e49b2107e1ba82e561570a27a308a
2023-11-25,marginalpdbcpt_20231125.1,https://www.omie.es/en/file-download?parents=marginalpdbcpt&filename=marginalpdbcpt_20231125.1,24,58afde69ce8ffbf9bc15a6856500836b2aea1e28b3d7713478539e15ce99f762
2023-11-26,marginalpdbcpt_20231126.1,https://www.omie.es/en/file-download?parents=marginalpdbcpt&filename=marginalpdbcpt_20231126.1,24,b46b62d6c79190d6a411ac017c552d6747311a90687b306a45b7bde69f86a21a
2023-11-27,marginalpdbcpt_20231127.1,https://www.omie.es/en/file-download?parents=marginalpdbcpt&filename=marginalpdbcpt_20231127.1,24,2bb51877d39cb79d18e5419977ac2c1e8cb75a29166fe43e583b29d8adf1af00
2023-11-28,marginalpdbcpt_20231128.1,https://www.omie.es/en/file-download?parents=marginalpdbcpt&filename=marginalpdbcpt_20231128.1,24,f8e463f748e47367f334d75f1eba54bf9404cfb9e4b5e555bc9efb58163f5694
2023-11-29,marginalpdbcpt_20231129.1,https://www.omie.es/en/file-download?parents=marginalpdbcpt&filename=marginalpdbcpt_20231129.1,24,59b10abfcba76e5c7119eaccdcc086db2e3a8264b1530e7a41d97b96b136550a
2023-11-30,marginalpdbcpt_20231130.1,https://www.omie.es/en/file-download?parents=marginalpdbcpt&filename=marginalpdbcpt_20231130.1,24,9317f9c161d16aa8f419aa04f94560d30623aa8b52c7055e760b256dc5adf9eb
2023-12-01,marginalpdbcpt_20231201.1,https://www.omie.es/en/file-download?parents=marginalpdbcpt&filename=marginalpdbcpt_20231201.1,24,9428b8aa991d9de6d7903fe8c2c48022c36c28b08cffb183a786bc64e56daaf9
2023-12-02,marginalpdbcpt_20231202.1,https://www.omie.es/en/file-download?parents=marginalpdbcpt&filename=marginalpdbcpt_20231202.1,24,42adb1cb3e034f875db2665c5517138498f8c66e5c0e6080ab4c49b4bc54c57e
2023-12-03,marginalpdbcpt_20231203.1,https://www.omie.es/en/file-download?parents=marginalpdbcpt&filename=marginalpdbcpt_20231203.1,24,0eb2d93adf555da97b41b2c8ae5dd5b96fd2b56bb2838ce794496145dbb34322
2023-12-04,marginalpdbcpt_20231204.1,https://www.omie.es/en/file-download?parents=marginalpdbcpt&filename=marginalpdbcpt_20231204.1,24,c12b3fdfc776f01802bab36e9ec2d2a876c55df3c5f1f93cf2fe95c08ce32711
2023-12-05,marginalpdbcpt_20231205.1,https://www.omie.es/en/file-download?parents=marginalpdbcpt&filename=marginalpdbcpt_20231205.1,24,a0bfa57c8ad202602d59b52a50736a0590e31dbfc5e2b61ad7b493e378c03c68
2023-12-06,marginalpdbcpt_20231206.1,https://www.omie.es/en/file-download?parents=marginalpdbcpt&filename=marginalpdbcpt_20231206.1,24,bd7d3a430bd857b78de775d724fb5cb7ca1a5b1071de5212c5e62bc938e02b91
2023-12-07,marginalpdbcpt_20231207.1,https://www.omie.es/en/file-download?parents=marginalpdbcpt&filename=marginalpdbcpt_20231207.1,24,2e276175b1a3d0d6aa8a9207a3ade75cd8f9feb53fb015003e4de44f294b58e6
2023-12-08,marginalpdbcpt_20231208.1,https://www.omie.es/en/file-download?parents=marginalpdbcpt&filename=marginalpdbcpt_20231208.1,24,1a1d2a6eba122a26c379e2bdd08887f74a56f7366d58f9794b477b70166154b4
2023-12-09,marginalpdbcpt_20231209.1,https://www.omie.es/en/file-download?parents=marginalpdbcpt&filename=marginalpdbcpt_20231209.1,24,a9a298c8bb65783a7423da2acd97ab466b7eae05ab7cedd3cf8136480887def7
2023-12-10,marginalpdbcpt_20231210.1,https://www.omie.es/en/file-download?parents=marginalpdbcpt&filename=marginalpdbcpt_20231210.1,24,6d9305aafb1f7acae69db318cf9b0d8f070c0bef4f36bfc55da937e0e55101ba
2023-12-11,marginalpdbcpt_20231211.1,https://www.omie.es/en/file-download?parents=marginalpdbcpt&filename=marginalpdbcpt_20231211.1,24,cd95eccfc34548e575f6e13ae2219793fca942e83944edda2fb813f6c77fc039
2023-12-12,marginalpdbcpt_20231212.1,https://www.omie.es/en/file-download?parents=marginalpdbcpt&filename=marginalpdbcpt_20231212.1,24,6d521750cf2012f4238d34f49ac5ee665cb3d4e79ae285f13d2e250a39a76aae
2023-12-13,marginalpdbcpt_20231213.1,https://www.omie.es/en/file-download?parents=marginalpdbcpt&filename=marginalpdbcpt_20231213.1,24,6fee5f262239dedbdfe6e561334ad4effbe5f6739ded040e48e10000beb78051
2023-12-14,marginalpdbcpt_20231214.1,https://www.omie.es/en/file-download?parents=marginalpdbcpt&filename=marginalpdbcpt_20231214.1,24,1b2fde79224fb462fb67ee56e58cb506ca50cd5d09a6d03007f8f211ba286c0f
2023-12-15,marginalpdbcpt_20231215.1,https://www.omie.es/en/file-download?parents=marginalpdbcpt&filename=marginalpdbcpt_20231215.1,24,2a6e5bcf7a72e42e9b7d0ab620dd8a72063853b71cecb541a8e0ca5d1a66b5e1
2023-12-16,marginalpdbcpt_20231216.1,https://www.omie.es/en/file-download?parents=marginalpdbcpt&filename=marginalpdbcpt_20231216.1,24,24d5b2e0dcd9a14b61246580ab82520b5fe465b6199f7170bed33f3970f50c1c
2023-12-17,marginalpdbcpt_20231217.1,https://www.omie.es/en/file-download?parents=marginalpdbcpt&filename=marginalpdbcpt_20231217.1,24,96c3647d1f486d288c520c39b185511ffc62d8d06b9c47fe0d8332c52197c578
2023-12-18,marginalpdbcpt_20231218.1,https://www.omie.es/en/file-download?parents=marginalpdbcpt&filename=marginalpdbcpt_20231218.1,24,4ae86f588a2e709707f1f59990bc8c166bc89a47d3b1c0167570924857dec7c5
2023-12-19,marginalpdbcpt_20231219.1,https://www.omie.es/en/file-download?parents=marginalpdbcpt&filename=marginalpdbcpt_20231219.1,24,2ebb309cee7e72d5fbcca2631d8f535154db25b2d2684c2e2797e7b42846f579
2023-12-20,marginalpdbcpt_20231220.1,https://www.omie.es/en/file-download?parents=marginalpdbcpt&filename=marginalpdbcpt_20231220.1,24,3d1e98dbc3dd4ebcc0a6cfbc2a6c48da0e2c08ca637a24f5aadb8a2fc4b76cc3
2023-12-21,marginalpdbcpt_20231221.1,https://www.omie.es/en/file-download?parents=marginalpdbcpt&filename=marginalpdbcpt_20231221.1,24,e747407e0a9e2a52e558decf1d82f7edf262d5e61ac6c70876a257c6f7039081
2023-12-22,marginalpdbcpt_20231222.1,https://www.omie.es/en/file-download?parents=marginalpdbcpt&filename=marginalpdbcpt_20231222.1,24,c45bfa66bfa119d7d6d9d477310f79a41fd23280bb397ca07e33367b551533db
2023-12-23,marginalpdbcpt_20231223.1,https://www.omie.es/en/file-download?parents=marginalpdbcpt&filename=marginalpdbcpt_20231223.1,24,96cdc225b16c4a08bbcab171f1629adda70add659b57d6b1471ffbcc0e6dfcf9
2023-12-24,marginalpdbcpt_20231224.1,https://www.omie.es/en/file-download?parents=marginalpdbcpt&filename=marginalpdbcpt_20231224.1,24,6517085ee76f5e0afe36c059af6f86da3cf28db509c481b0c6d6e42e482048e1
2023-12-25,marginalpdbcpt_20231225.1,https://www.omie.es/en/file-download?parents=marginalpdbcpt&filename=marginalpdbcpt_20231225.1,24,e55c010054999506f741a6ee8e42c25871c6c8136b3fd7f8787579cafc06108d
2023-12-26,marginalpdbcpt_20231226.1,https://www.omie.es/en/file-download?parents=marginalpdbcpt&filename=marginalpdbcpt_20231226.1,24,d00254a8913d2153252843625ac1d2a07d71f07bf0ec126e4d27df2717f0b95b
2023-12-27,marginalpdbcpt_20231227.1,https://www.omie.es/en/file-download?parents=marginalpdbcpt&filename=marginalpdbcpt_20231227.1,24,c1cd9cd87ed666a98316dd62873af14971529e5b1aa77c0e710d98a4e7e0b499
2023-12-28,marginalpdbcpt_20231228.1,https://www.omie.es/en/file-download?parents=marginalpdbcpt&filename=marginalpdbcpt_20231228.1,24,4532337562797ef585f7ad5e8b597ff636c490226e66b55f1b63295c8d8a61bc
2023-12-29,marginalpdbcpt_20231229.1,https://www.omie.es/en/file-download?parents=marginalpdbcpt&filename=marginalpdbcpt_20231229.1,24,7152060826821ed44109b7b39cd9d800a245d353a871a637065819b8be79eba7
2023-12-30,marginalpdbcpt_20231230.1,https://www.omie.es/en/file-download?parents=marginalpdbcpt&filename=marginalpdbcpt_20231230.1,24,b8881595a8d75f8ff0ccfe8ae10918a4925afb712e851c52a58f54aa99be2ba1
2023-12-31,marginalpdbcpt_20231231.1,https://www.omie.es/en/file-download?parents=marginalpdbcpt&filename=marginalpdbcpt_20231231.1,24,f11233c1af074db3b0b0c46ce6940751d62aecbe164e6a56085251f9d00afdd2
